MyoITU_EMG_1,MyoITU_EMG_2,MyoITU_EMG_3,MyoITU_EMG_4,MyoITU_EMG_5,MyoITU_EMG_6,MyoITU_EMG_7,MyoITU_EMG_8,MyoITU_roll,MyoITU_pitch,MyoITU_yaw,MyoITU_accel_x,MyoITU_accel_y,MyoITU_accel_z,MyoITU_gyro_x,MyoITU_gyro_y,MyoITU_gyro_z,MyoMarmara_EMG_1,MyoMarmara_EMG_2,MyoMarmara_EMG_3,MyoMarmara_EMG_4,MyoMarmara_EMG_5,MyoMarmara_EMG_6,MyoMarmara_EMG_7,MyoMarmara_EMG_8,MyoMarmara_roll,MyoMarmara_pitch,MyoMarmara_yaw,MyoMarmara_accel_x,MyoMarmara_accel_y,MyoMarmara_accel_z,MyoMarmara_gyro_x,MyoMarmara_gyro_y,MyoMarmara_gyro_z
0.0,0.0,-3.0,-3.0,-2.0,-1.0,-2.0,-3.0,-2.6809125,1.5707964,-2.831218,-1860.0,-796.0,489.0,-13.0,11.0,-2.0,1.0,1.0,4.0,5.0,0.0,-12.0,-8.0,2.0,1.960793,-1.5707964,2.33712,610.0,1127.0,1547.0,-168.0,-44.0,14.0
0.0,0.0,-3.0,-3.0,-2.0,-1.0,-2.0,-3.0,-2.6809125,1.5707964,-2.831218,-1857.0,-796.0,487.0,3.0,11.0,-7.0,1.0,1.0,4.0,5.0,0.0,-12.0,-8.0,2.0,1.960793,-1.5707964,2.33712,610.0,1127.0,1547.0,-168.0,-44.0,14.0
1.0,-2.0,0.0,-1.0,-1.0,-1.0,-1.0,-2.0,-2.6809125,1.5707964,-2.831218,-1857.0,-796.0,487.0,3.0,11.0,-7.0,2.0,-3.0,0.0,8.0,2.0,3.0,5.0,4.0,1.9596708,-1.5707964,2.3369124,599.0,1126.0,1558.0,-177.0,-47.0,1.0
-1.0,1.0,1.0,0.0,-1.0,1.0,-1.0,0.0,-2.6809125,1.5707964,-2.831218,-1855.0,-792.0,484.0,11.0,9.0,-5.0,1.0,-2.0,-3.0,-3.0,-4.0,-24.0,-10.0,-1.0,1.9596708,-1.5707964,2.3369124,599.0,1126.0,1558.0,-177.0,-47.0,1.0
-2.0,-1.0,1.0,0.0,-1.0,-2.0,-2.0,-2.0,-2.6809125,1.5707964,-2.831218,-1855.0,-792.0,484.0,11.0,9.0,-5.0,-1.0,0.0,2.0,10.0,13.0,-2.0,-9.0,-3.0,1.9586016,-1.5707964,2.3368392,593.0,1106.0,1557.0,-172.0,-46.0,4.0
-2.0,-1.0,1.0,0.0,-1.0,-2.0,-2.0,-2.0,-2.6809125,1.5707964,-2.831218,-1862.0,-786.0,473.0,6.0,7.0,-4.0,-1.0,0.0,2.0,10.0,13.0,-2.0,-9.0,-3.0,1.9586016,-1.5707964,2.3368392,593.0,1106.0,1557.0,-172.0,-46.0,4.0
-1.0,-4.0,-2.0,0.0,0.0,-1.0,-1.0,-1.0,-2.6809125,1.5707964,-2.831218,-1862.0,-786.0,473.0,6.0,7.0,-4.0,3.0,4.0,10.0,15.0,-14.0,8.0,4.0,3.0,1.9577798,-1.5707964,2.3367193,572.0,1106.0,1544.0,-157.0,-56.0,14.0
-1.0,-4.0,-2.0,0.0,0.0,-1.0,-1.0,-1.0,-2.6809125,1.5707964,-2.831218,-1861.0,-794.0,486.0,-1.0,7.0,-4.0,3.0,4.0,10.0,15.0,-14.0,8.0,4.0,3.0,1.9577798,-1.5707964,2.3367193,572.0,1106.0,1544.0,-157.0,-56.0,14.0
-3.0,-2.0,-1.0,1.0,2.0,-3.0,-2.0,0.0,-2.6809125,1.5707964,-2.831218,-1861.0,-794.0,486.0,-1.0,7.0,-4.0,-3.0,-3.0,-6.0,-7.0,6.0,-4.0,-3.0,1.0,1.9572853,-1.5707964,2.336647,578.0,1101.0,1560.0,-141.0,-79.0,21.0
-3.0,-2.0,-1.0,1.0,2.0,-3.0,-2.0,0.0,-2.6809125,1.5707964,-2.831218,-1858.0,-782.0,489.0,0.0,5.0,-3.0,-3.0,-3.0,-6.0,-7.0,6.0,-4.0,-3.0,1.0,1.9572853,-1.5707964,2.336647,578.0,1101.0,1560.0,-141.0,-79.0,21.0
0.0,0.0,-1.0,-1.0,0.0,-1.0,-2.0,-1.0,-2.6809125,1.5707964,-2.831218,-1858.0,-782.0,489.0,0.0,5.0,-3.0,-3.0,-1.0,-6.0,-24.0,-61.0,-1.0,20.0,4.0,1.9572443,-1.5707964,2.336733,589.0,1074.0,1556.0,-120.0,-94.0,30.0
-2.0,2.0,1.0,-1.0,-1.0,-4.0,1.0,-2.0,-2.6809921,1.5707964,-2.8312259,-1863.0,-785.0,477.0,-1.0,3.0,0.0,-2.0,-4.0,0.0,3.0,10.0,0.0,-8.0,-4.0,1.9572443,-1.5707964,2.336733,589.0,1074.0,1556.0,-120.0,-94.0,30.0
-3.0,0.0,-1.0,0.0,0.0,-1.0,0.0,0.0,-2.6809921,1.5707964,-2.8312259,-1863.0,-785.0,477.0,-1.0,3.0,0.0,-2.0,-4.0,0.0,3.0,10.0,0.0,-8.0,-4.0,1.9575824,-1.5707964,2.3366868,575.0,1095.0,1548.0,-84.0,-105.0,34.0
2.0,1.0,4.0,-2.0,-2.0,1.0,-2.0,-1.0,-2.6809921,1.5707964,-2.8312259,-1867.0,-796.0,480.0,-5.0,1.0,2.0,-4.0,2.0,2.0,-4.0,-17.0,-18.0,-7.0,-9.0,1.9575824,-1.5707964,2.3366868,575.0,1095.0,1548.0,-84.0,-105.0,34.0
-1.0,0.0,-3.0,1.0,-2.0,-1.0,-1.0,-2.0,-2.6809921,1.5707964,-2.8312259,-1867.0,-796.0,480.0,-5.0,1.0,2.0,1.0,-1.0,1.0,-3.0,-2.0,-7.0,-4.0,-2.0,1.9582928,-1.5707964,2.3367507,586.0,1106.0,1536.0,-67.0,-115.0,47.0
1.0,-1.0,-2.0,-2.0,-1.0,0.0,-4.0,1.0,-2.6809921,1.5707964,-2.8312259,-1861.0,-785.0,478.0,-6.0,4.0,10.0,-1.0,-2.0,0.0,3.0,5.0,4.0,-6.0,-4.0,1.9582928,-1.5707964,2.3367507,586.0,1106.0,1536.0,-67.0,-115.0,47.0
0.0,-1.0,1.0,-2.0,0.0,0.0,-1.0,1.0,-2.6809921,1.5707964,-2.8312259,-1861.0,-785.0,478.0,-6.0,4.0,10.0,3.0,3.0,-3.0,-5.0,4.0,-7.0,-2.0,11.0,1.9590101,-1.5707964,2.3370774,602.0,1082.0,1529.0,-105.0,-118.0,64.0
-2.0,-1.0,-1.0,-2.0,-4.0,2.0,-1.0,0.0,-2.6809921,1.5707964,-2.8312259,-1853.0,-786.0,483.0,-2.0,1.0,10.0,-6.0,-9.0,2.0,2.0,3.0,5.0,-4.0,-8.0,1.9590101,-1.5707964,2.3370774,602.0,1082.0,1529.0,-105.0,-118.0,64.0
1.0,-1.0,-3.0,-2.0,0.0,-2.0,-1.0,-1.0,-2.6809921,1.5707964,-2.8312259,-1853.0,-786.0,483.0,-2.0,1.0,10.0,-6.0,-9.0,2.0,2.0,3.0,5.0,-4.0,-8.0,1.9593364,-1.5707964,2.337319,583.0,1069.0,1545.0,-117.0,-119.0,62.0
1.0,-1.0,-3.0,-2.0,0.0,-2.0,-1.0,-1.0,-2.6809921,1.5707964,-2.8312259,-1868.0,-787.0,487.0,-4.0,-1.0,6.0,-6.0,-9.0,2.0,2.0,3.0,5.0,-4.0,-8.0,1.9593364,-1.5707964,2.337319,583.0,1069.0,1545.0,-117.0,-119.0,62.0
0.0,1.0,2.0,3.0,0.0,0.0,-2.0,-1.0,-2.6809921,1.5707964,-2.8312259,-1868.0,-787.0,487.0,-4.0,-1.0,6.0,2.0,-3.0,-5.0,-4.0,0.0,10.0,1.0,5.0,1.9598726,-1.5707964,2.33777,581.0,1066.0,1516.0,-111.0,-111.0,79.0
0.0,1.0,2.0,3.0,0.0,0.0,-2.0,-1.0,-2.6809921,1.5707964,-2.8312259,-1859.0,-782.0,473.0,-14.0,-1.0,9.0,2.0,-3.0,-5.0,-4.0,0.0,10.0,1.0,5.0,1.9598726,-1.5707964,2.33777,581.0,1066.0,1516.0,-111.0,-111.0,79.0
0.0,-1.0,-3.0,-1.0,-3.0,-1.0,0.0,1.0,-2.6811721,1.5707964,-2.8313668,-1856.0,-796.0,480.0,-22.0,-1.0,11.0,-2.0,3.0,-2.0,-4.0,-4.0,1.0,-7.0,-6.0,1.9598726,-1.5707964,2.33777,581.0,1066.0,1516.0,-111.0,-111.0,79.0
1.0,-1.0,3.0,2.0,3.0,0.0,-2.0,-2.0,-2.6811721,1.5707964,-2.8313668,-1856.0,-796.0,480.0,-22.0,-1.0,11.0,-2.0,3.0,-2.0,-4.0,-4.0,1.0,-7.0,-6.0,1.9611664,-1.5707964,2.3394494,586.0,1030.0,1497.0,-106.0,-112.0,110.0
0.0,-1.0,2.0,0.0,2.0,0.0,-3.0,-2.0,-2.6812954,1.5707964,-2.831616,-1865.0,-797.0,488.0,-19.0,0.0,9.0,-1.0,5.0,1.0,-2.0,-9.0,4.0,4.0,10.0,1.9611664,-1.5707964,2.3394494,586.0,1030.0,1497.0,-106.0,-112.0,110.0
0.0,-1.0,2.0,0.0,2.0,0.0,-3.0,-2.0,-2.6812954,1.5707964,-2.831616,-1865.0,-797.0,488.0,-19.0,0.0,9.0,0.0,-1.0,4.0,14.0,16.0,-4.0,0.0,-1.0,1.962157,-1.5707964,2.340318,583.0,1035.0,1510.0,-93.0,-127.0,120.0
-2.0,-1.0,-2.0,-2.0,0.0,-2.0,0.0,0.0,-2.68148,1.5707964,-2.831965,-1850.0,-783.0,478.0,-18.0,-2.0,8.0,1.0,-2.0,0.0,11.0,2.0,5.0,-4.0,2.0,1.962157,-1.5707964,2.340318,583.0,1035.0,1510.0,-93.0,-127.0,120.0
-2.0,0.0,0.0,0.0,-3.0,-3.0,-2.0,0.0,-2.68148,1.5707964,-2.831965,-1850.0,-783.0,478.0,-18.0,-2.0,8.0,-3.0,0.0,0.0,-3.0,2.0,-10.0,-6.0,-1.0,1.9634959,-1.5707964,2.341632,604.0,1037.0,1510.0,-75.0,-120.0,153.0
-2.0,0.0,0.0,-2.0,-2.0,-2.0,1.0,-1.0,-2.6814399,1.5707964,-2.8319902,-1849.0,-789.0,480.0,-26.0,-1.0,1.0,-2.0,-1.0,1.0,-9.0,-35.0,-11.0,-3.0,-3.0,1.9634959,-1.5707964,2.341632,604.0,1037.0,1510.0,-75.0,-120.0,153.0
-3.0,-2.0,-1.0,0.0,-1.0,0.0,1.0,-2.0,-2.6814399,1.5707964,-2.8319902,-1849.0,-789.0,480.0,-26.0,-1.0,1.0,-2.0,-1.0,1.0,-9.0,-35.0,-11.0,-3.0,-3.0,1.9648453,-1.5707964,2.3429775,615.0,1037.0,1506.0,-69.0,-108.0,151.0
0.0,0.0,-2.0,-1.0,-1.0,-2.0,-1.0,2.0,-2.6813107,1.5707964,-2.8317842,-1866.0,-798.0,473.0,-27.0,-4.0,-2.0,2.0,-1.0,3.0,24.0,23.0,3.0,-5.0,-6.0,1.9648453,-1.5707964,2.3429775,615.0,1037.0,1506.0,-69.0,-108.0,151.0
-1.0,-3.0,1.0,1.0,-1.0,1.0,-1.0,-1.0,-2.6813107,1.5707964,-2.8317842,-1866.0,-798.0,473.0,-27.0,-4.0,-2.0,0.0,6.0,5.0,4.0,7.0,15.0,10.0,4.0,1.9661179,-1.5707964,2.344162,619.0,994.0,1516.0,-80.0,-123.0,133.0
-1.0,-3.0,1.0,1.0,-1.0,1.0,-1.0,-1.0,-2.6811557,1.5707964,-2.8316154,-1856.0,-802.0,483.0,-19.0,-4.0,-2.0,0.0,6.0,5.0,4.0,7.0,15.0,10.0,4.0,1.9661179,-1.5707964,2.344162,619.0,994.0,1516.0,-80.0,-123.0,133.0
0.0,-3.0,-1.0,-2.0,0.0,0.0,-1.0,-2.0,-2.6811557,1.5707964,-2.8316154,-1847.0,-789.0,479.0,-6.0,-4.0,-4.0,-3.0,-1.0,-6.0,-8.0,5.0,-9.0,-9.0,-5.0,1.9661179,-1.5707964,2.344162,619.0,994.0,1516.0,-80.0,-123.0,133.0
0.0,2.0,-1.0,1.0,1.0,0.0,-2.0,-2.0,-2.6811557,1.5707964,-2.8316154,-1847.0,-789.0,479.0,-6.0,-4.0,-4.0,-3.0,-1.0,-6.0,-8.0,5.0,-9.0,-9.0,-5.0,1.9678631,-1.5707964,2.3453398,656.0,1001.0,1513.0,-25.0,-116.0,127.0
-1.0,0.0,-1.0,0.0,1.0,-3.0,-5.0,2.0,-2.6811557,1.5707964,-2.8316154,-1860.0,-791.0,480.0,-4.0,-6.0,-8.0,-5.0,-3.0,-4.0,-3.0,9.0,0.0,-1.0,-6.0,1.9678631,-1.5707964,2.3453398,656.0,1001.0,1513.0,-25.0,-116.0,127.0
-1.0,0.0,-1.0,0.0,1.0,-3.0,-5.0,2.0,-2.6811557,1.5707964,-2.8316154,-1860.0,-791.0,480.0,-4.0,-6.0,-8.0,-5.0,-3.0,-4.0,-3.0,9.0,0.0,-1.0,-6.0,1.9696633,-1.5707964,2.3465812,660.0,1021.0,1521.0,-3.0,-100.0,132.0
-3.0,1.0,-1.0,0.0,0.0,-2.0,-2.0,0.0,-2.6811557,1.5707964,-2.8316154,-1860.0,-791.0,480.0,-4.0,-6.0,-8.0,-1.0,1.0,0.0,7.0,22.0,4.0,6.0,1.0,1.9713247,-1.5707964,2.3474712,639.0,1016.0,1521.0,-10.0,-119.0,107.0
-3.0,1.0,-1.0,0.0,0.0,-2.0,-2.0,0.0,-2.6811557,1.5707964,-2.8316154,-1851.0,-788.0,481.0,-11.0,-5.0,-8.0,-1.0,1.0,0.0,7.0,22.0,4.0,6.0,1.0,1.9713247,-1.5707964,2.3474712,639.0,1016.0,1521.0,-10.0,-119.0,107.0
0.0,0.0,-3.0,-1.0,-2.0,0.0,-2.0,0.0,-2.6811557,1.5707964,-2.8316154,-1851.0,-788.0,481.0,-11.0,-5.0,-8.0,-3.0,-2.0,-4.0,-7.0,-5.0,-2.0,5.0,-3.0,1.9735093,-1.5707964,2.3483503,669.0,1016.0,1529.0,11.0,-137.0,106.0
-4.0,-1.0,0.0,1.0,-2.0,2.0,3.0,0.0,-2.6811557,1.5707964,-2.8316154,-1859.0,-797.0,481.0,-14.0,-4.0,-4.0,-1.0,-4.0,-2.0,-6.0,-16.0,-7.0,-4.0,-2.0,1.9735093,-1.5707964,2.3483503,669.0,1016.0,1529.0,11.0,-137.0,106.0
0.0,-2.0,1.0,-2.0,0.0,-2.0,3.0,1.0,-2.6811557,1.5707964,-2.8316154,-1859.0,-797.0,481.0,-14.0,-4.0,-4.0,-1.0,-4.0,-2.0,-6.0,-16.0,-7.0,-4.0,-2.0,1.9759432,-1.5707964,2.3493922,708.0,1021.0,1513.0,25.0,-122.0,112.0
-1.0,-2.0,0.0,-1.0,-2.0,-3.0,-1.0,-2.0,-2.6811557,1.5707964,-2.8316154,-1869.0,-792.0,483.0,-4.0,-9.0,-1.0,-3.0,-4.0,-8.0,-23.0,-17.0,4.0,-2.0,0.0,1.9759432,-1.5707964,2.3493922,708.0,1021.0,1513.0,25.0,-122.0,112.0
0.0,-2.0,-1.0,0.0,1.0,0.0,-1.0,-2.0,-2.6811557,1.5707964,-2.8316154,-1869.0,-792.0,483.0,-4.0,-9.0,-1.0,0.0,-5.0,-3.0,-1.0,-2.0,8.0,1.0,5.0,1.9778463,-1.5707964,2.3503387,698.0,1006.0,1514.0,20.0,-104.0,100.0
-1.0,0.0,0.0,0.0,-2.0,-1.0,1.0,-3.0,-2.6811557,1.5707964,-2.8316154,-1864.0,-783.0,473.0,-10.0,-13.0,4.0,-1.0,-4.0,1.0,5.0,28.0,17.0,9.0,3.0,1.9778463,-1.5707964,2.3503387,698.0,1006.0,1514.0,20.0,-104.0,100.0
0.0,-3.0,-1.0,0.0,-1.0,-2.0,-2.0,1.0,-2.6811557,1.5707964,-2.8316154,-1864.0,-783.0,473.0,-10.0,-13.0,4.0,1.0,-2.0,-2.0,-7.0,-14.0,-7.0,0.0,-3.0,1.979576,-1.5707964,2.3511336,700.0,1008.0,1511.0,17.0,-90.0,87.0
-2.0,1.0,-2.0,-2.0,-1.0,-1.0,1.0,0.0,-2.681254,1.5707964,-2.8319511,-1850.0,-784.0,484.0,-34.0,-7.0,9.0,4.0,3.0,1.0,5.0,9.0,-4.0,0.0,-5.0,1.979576,-1.5707964,2.3511336,700.0,1008.0,1511.0,17.0,-90.0,87.0
0.0,0.0,0.0,-2.0,-2.0,-2.0,-1.0,-3.0,-2.681254,1.5707964,-2.8319511,-1850.0,-784.0,484.0,-34.0,-7.0,9.0,4.0,3.0,1.0,5.0,9.0,-4.0,0.0,-5.0,1.9811418,-1.5707964,2.3519287,720.0,1026.0,1505.0,22.0,-65.0,80.0
2.0,2.0,2.0,-3.0,1.0,1.0,0.0,1.0,-2.6813853,1.5707964,-2.8322554,-1850.0,-790.0,480.0,-32.0,-2.0,7.0,4.0,3.0,1.0,5.0,9.0,-4.0,0.0,-5.0,1.9811418,-1.5707964,2.3519287,720.0,1026.0,1505.0,22.0,-65.0,80.0
-2.0,-3.0,-3.0,0.0,-2.0,-2.0,-2.0,-1.0,-2.6813853,1.5707964,-2.8322554,-1850.0,-790.0,480.0,-32.0,-2.0,7.0,-4.0,-5.0,-9.0,-8.0,-8.0,14.0,0.0,-2.0,1.9820219,-1.5707964,2.3525205,714.0,1026.0,1512.0,-6.0,-42.0,58.0
-2.0,-3.0,-3.0,0.0,-2.0,-2.0,-2.0,-1.0,-2.6813242,1.5707964,-2.8321555,-1864.0,-801.0,489.0,-3.0,-3.0,5.0,-4.0,-5.0,-9.0,-8.0,-8.0,14.0,0.0,-2.0,1.9820219,-1.5707964,2.3525205,714.0,1026.0,1512.0,-6.0,-42.0,58.0
-2.0,0.0,-1.0,0.0,0.0,2.0,1.0,-4.0,-2.6813242,1.5707964,-2.8321555,-1864.0,-801.0,489.0,-3.0,-3.0,5.0,3.0,1.0,0.0,2.0,-1.0,-6.0,-6.0,-4.0,1.9825281,-1.5707964,2.352935,730.0,1011.0,1522.0,-28.0,-31.0,38.0
-2.0,0.0,-1.0,0.0,0.0,2.0,1.0,-4.0,-2.6813853,1.5707964,-2.8322554,-1860.0,-786.0,483.0,7.0,-5.0,9.0,3.0,1.0,0.0,2.0,-1.0,-6.0,-6.0,-4.0,1.9825281,-1.5707964,2.352935,730.0,1011.0,1522.0,-28.0,-31.0,38.0
-1.0,-1.0,-4.0,0.0,-3.0,-1.0,-2.0,1.0,-2.6813853,1.5707964,-2.8322554,-1860.0,-786.0,483.0,7.0,-5.0,9.0,-7.0,-6.0,-6.0,-15.0,-18.0,-4.0,-1.0,-7.0,1.9825107,-1.5707964,2.3532422,733.0,995.0,1523.0,-33.0,-6.0,17.0
0.0,1.0,-1.0,0.0,-3.0,-1.0,1.0,-1.0,-2.6813242,1.5707964,-2.8321555,-1832.0,-782.0,470.0,-6.0,-2.0,15.0,-7.0,-6.0,-6.0,-15.0,-18.0,-4.0,-1.0,-7.0,1.9825107,-1.5707964,2.3532422,733.0,995.0,1523.0,-33.0,-6.0,17.0
1.0,2.0,0.0,-1.0,0.0,-5.0,0.0,-4.0,-2.6813242,1.5707964,-2.8321555,-1832.0,-782.0,470.0,-6.0,-2.0,15.0,0.0,5.0,5.0,5.0,9.0,-8.0,-9.0,-1.0,1.9825847,-1.5707964,2.353238,710.0,1005.0,1499.0,10.0,13.0,-6.0
-4.0,-3.0,2.0,0.0,-1.0,0.0,0.0,-1.0,-2.6813056,1.5707964,-2.8322482,-1860.0,-794.0,508.0,-13.0,0.0,7.0,-1.0,-2.0,2.0,5.0,21.0,-4.0,-8.0,-3.0,1.9825847,-1.5707964,2.353238,710.0,1005.0,1499.0,10.0,13.0,-6.0
-1.0,0.0,1.0,-1.0,-2.0,0.0,0.0,0.0,-2.6813056,1.5707964,-2.8322482,-1860.0,-794.0,508.0,-13.0,0.0,7.0,3.0,4.0,3.0,-1.0,-9.0,-15.0,-5.0,4.0,1.9825442,-1.5707964,2.3532555,705.0,991.0,1523.0,-1.0,6.0,-15.0
-2.0,-2.0,-1.0,-2.0,0.0,-4.0,-2.0,1.0,-2.6813056,1.5707964,-2.8322482,-1865.0,-798.0,493.0,-3.0,-5.0,5.0,3.0,4.0,3.0,-1.0,-9.0,-15.0,-5.0,4.0,1.9825442,-1.5707964,2.3532555,705.0,991.0,1523.0,-1.0,6.0,-15.0
-2.0,-3.0,-1.0,0.0,0.0,-1.0,0.0,2.0,-2.6812449,1.5707964,-2.832148,-1863.0,-792.0,469.0,-6.0,-5.0,9.0,-6.0,-5.0,-4.0,-12.0,-20.0,-12.0,-2.0,-3.0,1.9825442,-1.5707964,2.3532555,705.0,991.0,1523.0,-1.0,6.0,-15.0
-2.0,-3.0,-1.0,0.0,0.0,-1.0,0.0,2.0,-2.6812449,1.5707964,-2.832148,-1863.0,-792.0,469.0,-6.0,-5.0,9.0,-6.0,-5.0,-4.0,-12.0,-20.0,-12.0,-2.0,-3.0,1.9824772,-1.5707964,2.3532288,741.0,998.0,1518.0,12.0,16.0,-16.0
1.0,3.0,1.0,-1.0,-1.0,-1.0,-2.0,-1.0,-2.6812449,1.5707964,-2.832148,-1863.0,-792.0,469.0,-6.0,-5.0,9.0,-3.0,-1.0,-2.0,0.0,2.0,-1.0,-4.0,-2.0,1.9823444,-1.5707964,2.3529768,737.0,1013.0,1500.0,55.0,39.0,-35.0
1.0,3.0,1.0,-1.0,-1.0,-1.0,-2.0,-1.0,-2.6813684,1.5707964,-2.8323972,-1858.0,-796.0,480.0,-18.0,-6.0,8.0,-3.0,-1.0,-2.0,0.0,2.0,-1.0,-4.0,-2.0,1.9823444,-1.5707964,2.3529768,737.0,1013.0,1500.0,55.0,39.0,-35.0
-1.0,-2.0,0.0,-1.0,-1.0,-2.0,-2.0,1.0,-2.681181,1.5707964,-2.8322513,-1844.0,-803.0,490.0,-9.0,-2.0,5.0,-2.0,-5.0,-2.0,11.0,23.0,0.0,-2.0,-2.0,1.9823444,-1.5707964,2.3529768,737.0,1013.0,1500.0,55.0,39.0,-35.0
0.0,-1.0,2.0,0.0,0.0,-3.0,0.0,-2.0,-2.681181,1.5707964,-2.8322513,-1844.0,-803.0,490.0,-9.0,-2.0,5.0,1.0,-2.0,-1.0,4.0,1.0,-5.0,1.0,-2.0,1.981786,-1.5707964,2.3520148,734.0,1033.0,1530.0,8.0,16.0,-41.0
1.0,0.0,1.0,0.0,-1.0,1.0,1.0,-1.0,-2.6812198,1.5707964,-2.8322349,-1854.0,-802.0,477.0,8.0,-2.0,-3.0,1.0,-2.0,-1.0,4.0,1.0,-5.0,1.0,-2.0,1.981786,-1.5707964,2.3520148,734.0,1033.0,1530.0,8.0,16.0,-41.0
-2.0,-4.0,0.0,-3.0,1.0,-1.0,1.0,1.0,-2.6812198,1.5707964,-2.8322349,-1854.0,-802.0,477.0,8.0,-2.0,-3.0,0.0,-2.0,-2.0,8.0,16.0,4.0,-3.0,-1.0,1.9814781,-1.5707964,2.3517122,747.0,1019.0,1521.0,19.0,35.0,-44.0
-1.0,-1.0,-4.0,-4.0,-4.0,-1.0,2.0,-1.0,-2.6812994,1.5707964,-2.832242,-1860.0,-788.0,476.0,7.0,-7.0,-5.0,-2.0,0.0,9.0,4.0,-12.0,-9.0,-13.0,-3.0,1.9814781,-1.5707964,2.3517122,747.0,1019.0,1521.0,19.0,35.0,-44.0
-1.0,-1.0,-1.0,-1.0,-2.0,-3.0,-2.0,0.0,-2.6812994,1.5707964,-2.832242,-1860.0,-788.0,476.0,7.0,-7.0,-5.0,1.0,4.0,-1.0,6.0,5.0,-2.0,-7.0,-3.0,1.9807788,-1.5707964,2.3510065,708.0,1023.0,1519.0,33.0,43.0,-70.0
-3.0,1.0,-2.0,-1.0,0.0,0.0,-4.0,-1.0,-2.6812198,1.5707964,-2.8322349,-1854.0,-795.0,490.0,-6.0,-4.0,0.0,-3.0,-3.0,-4.0,-7.0,14.0,-4.0,-6.0,-6.0,1.9807788,-1.5707964,2.3510065,708.0,1023.0,1519.0,33.0,43.0,-70.0
-1.0,-1.0,-1.0,-3.0,-1.0,0.0,1.0,-1.0,-2.6812198,1.5707964,-2.8322349,-1854.0,-795.0,490.0,-6.0,-4.0,0.0,0.0,-6.0,-8.0,-8.0,12.0,5.0,13.0,3.0,1.9799769,-1.5707964,2.3501272,687.0,1043.0,1535.0,44.0,40.0,-78.0
-2.0,-1.0,1.0,0.0,-3.0,1.0,1.0,1.0,-2.6812198,1.5707964,-2.8322349,-1862.0,-801.0,484.0,-10.0,-2.0,-1.0,0.0,-6.0,-8.0,-8.0,12.0,5.0,13.0,3.0,1.9799769,-1.5707964,2.3501272,687.0,1043.0,1535.0,44.0,40.0,-78.0
-1.0,0.0,1.0,0.0,-1.0,0.0,-2.0,-1.0,-2.6812198,1.5707964,-2.8322349,-1862.0,-801.0,484.0,-10.0,-2.0,-1.0,-4.0,2.0,2.0,-5.0,-22.0,10.0,5.0,-5.0,1.9793316,-1.5707964,2.3494556,711.0,1034.0,1528.0,39.0,43.0,-71.0
-1.0,-4.0,-2.0,1.0,1.0,1.0,1.0,-2.0,-2.681181,1.5707964,-2.8322513,-1857.0,-795.0,489.0,1.0,-3.0,-1.0,1.0,-1.0,-1.0,-6.0,-6.0,-9.0,-5.0,2.0,1.9793316,-1.5707964,2.3494556,711.0,1034.0,1528.0,39.0,43.0,-71.0
-1.0,-1.0,0.0,0.0,-2.0,0.0,-4.0,1.0,-2.681181,1.5707964,-2.8322513,-1857.0,-795.0,489.0,1.0,-3.0,-1.0,2.0,1.0,0.0,6.0,45.0,8.0,-5.0,6.0,1.9784199,-1.5707964,2.348728,710.0,1043.0,1512.0,34.0,69.0,-79.0
1.0,1.0,3.0,0.0,-1.0,-2.0,0.0,-2.0,-2.681181,1.5707964,-2.8322513,-1855.0,-788.0,476.0,11.0,-1.0,-3.0,-2.0,-5.0,-7.0,-14.0,-18.0,8.0,5.0,1.0,1.9784199,-1.5707964,2.348728,710.0,1043.0,1512.0,34.0,69.0,-79.0
0.0,4.0,-1.0,0.0,-1.0,0.0,-2.0,-1.0,-2.681181,1.5707964,-2.8322513,-1855.0,-788.0,476.0,11.0,-1.0,-3.0,-2.0,0.0,6.0,11.0,17.0,10.0,0.0,0.0,1.9769503,-1.5707964,2.3478765,678.0,1045.0,1497.0,21.0,93.0,-86.0
-1.0,0.0,0.0,-1.0,0.0,-3.0,-2.0,2.0,-2.6812198,1.5707964,-2.8322349,-1860.0,-793.0,477.0,8.0,0.0,0.0,-2.0,0.0,6.0,11.0,17.0,10.0,0.0,0.0,1.9769503,-1.5707964,2.3478765,678.0,1045.0,1497.0,21.0,93.0,-86.0
-3.0,-1.0,-2.0,0.0,-4.0,-2.0,-1.0,0.0,-2.6812198,1.5707964,-2.8322349,-1860.0,-793.0,477.0,8.0,0.0,0.0,-8.0,-2.0,-2.0,-16.0,-20.0,-11.0,-9.0,-12.0,1.9755003,-1.5707964,2.3470314,676.0,1035.0,1484.0,27.0,97.0,-98.0
-1.0,-1.0,1.0,0.0,-1.0,-3.0,-1.0,-2.0,-2.6812198,1.5707964,-2.8322349,-1865.0,-799.0,485.0,-1.0,2.0,4.0,-1.0,1.0,3.0,0.0,-20.0,-10.0,1.0,-1.0,1.9755003,-1.5707964,2.3470314,676.0,1035.0,1484.0,27.0,97.0,-98.0
0.0,-2.0,-2.0,-1.0,1.0,-1.0,0.0,0.0,-2.6812198,1.5707964,-2.8322349,-1865.0,-799.0,485.0,-1.0,2.0,4.0,-1.0,1.0,3.0,0.0,-20.0,-10.0,1.0,-1.0,1.9739482,-1.5707964,2.3460622,666.0,1015.0,1504.0,35.0,97.0,-108.0
0.0,2.0,-2.0,-3.0,-3.0,-1.0,-1.0,-2.0,-2.6812198,1.5707964,-2.8322349,-1858.0,-789.0,473.0,-1.0,1.0,5.0,-7.0,-8.0,-6.0,2.0,25.0,-3.0,-12.0,-10.0,1.9739482,-1.5707964,2.3460622,666.0,1015.0,1504.0,35.0,97.0,-108.0
2.0,1.0,0.0,1.0,-1.0,0.0,-1.0,-2.0,-2.6812198,1.5707964,-2.8322349,-1858.0,-789.0,473.0,-1.0,1.0,5.0,-6.0,-3.0,-6.0,-16.0,-33.0,-14.0,-10.0,-6.0,1.9725506,-1.5707964,2.3451946,689.0,1030.0,1515.0,67.0,121.0,-108.0
-1.0,-1.0,-1.0,-2.0,0.0,0.0,-1.0,-3.0,-2.6812994,1.5707964,-2.832242,-1860.0,-786.0,482.0,-2.0,3.0,4.0,-6.0,-3.0,-6.0,-16.0,-33.0,-14.0,-10.0,-6.0,1.9725506,-1.5707964,2.3451946,689.0,1030.0,1515.0,67.0,121.0,-108.0
0.0,-3.0,1.0,-2.0,-1.0,-1.0,1.0,1.0,-2.6812994,1.5707964,-2.832242,-1860.0,-786.0,482.0,-2.0,3.0,4.0,3.0,3.0,4.0,4.0,2.0,11.0,3.0,1.0,1.9707636,-1.5707964,2.3441815,661.0,1041.0,1504.0,79.0,144.0,-123.0
-1.0,0.0,1.0,0.0,1.0,0.0,-1.0,-1.0,-2.681159,1.5707964,-2.8321347,-1855.0,-802.0,482.0,-2.0,5.0,3.0,-4.0,-7.0,-6.0,-8.0,-24.0,4.0,5.0,2.0,1.9707636,-1.5707964,2.3441815,661.0,1041.0,1504.0,79.0,144.0,-123.0
1.0,-3.0,0.0,1.0,0.0,1.0,-2.0,-2.0,-2.681159,1.5707964,-2.8321347,-1855.0,-802.0,482.0,-2.0,5.0,3.0,0.0,3.0,1.0,3.0,8.0,-2.0,5.0,-1.0,1.9687611,-1.5707964,2.342984,648.0,1047.0,1508.0,58.0,151.0,-139.0
2.0,-3.0,-2.0,-2.0,-2.0,-1.0,-3.0,-2.0,-2.681159,1.5707964,-2.8321347,-1854.0,-794.0,486.0,-1.0,5.0,6.0,-4.0,2.0,2.0,11.0,40.0,21.0,1.0,-9.0,1.9687611,-1.5707964,2.342984,648.0,1047.0,1508.0,58.0,151.0,-139.0
-1.0,-3.0,2.0,-1.0,0.0,-2.0,-2.0,0.0,-2.681159,1.5707964,-2.8321347,-1854.0,-794.0,486.0,-1.0,5.0,6.0,0.0,-4.0,-4.0,-11.0,-10.0,-4.0,7.0,-1.0,1.9665544,-1.5707964,2.3418632,624.0,1053.0,1503.0,61.0,166.0,-136.0
-1.0,-2.0,2.0,2.0,1.0,0.0,2.0,-1.0,-2.6812198,1.5707964,-2.8322349,-1857.0,-784.0,489.0,-2.0,3.0,7.0,0.0,-4.0,-4.0,-11.0,-10.0,-4.0,7.0,-1.0,1.9665544,-1.5707964,2.3418632,624.0,1053.0,1503.0,61.0,166.0,-136.0
-2.0,1.0,-4.0,0.0,-2.0,0.0,1.0,-1.0,-2.6812198,1.5707964,-2.8322349,-1857.0,-784.0,489.0,-2.0,3.0,7.0,5.0,2.0,4.0,8.0,-6.0,-6.0,-10.0,3.0,1.9644116,-1.5707964,2.3408277,629.0,1047.0,1492.0,77.0,186.0,-139.0
-3.0,-1.0,-2.0,-2.0,-2.0,-4.0,-1.0,0.0,-2.6812198,1.5707964,-2.8322349,-1862.0,-791.0,486.0,-3.0,1.0,7.0,3.0,-1.0,0.0,3.0,22.0,-2.0,-1.0,1.0,1.9644116,-1.5707964,2.3408277,629.0,1047.0,1492.0,77.0,186.0,-139.0
0.0,-1.0,0.0,-3.0,0.0,0.0,-1.0,-2.0,-2.6812198,1.5707964,-2.8322349,-1862.0,-791.0,486.0,-3.0,1.0,7.0,-2.0,2.0,-3.0,-2.0,33.0,3.0,2.0,-2.0,1.9620259,-1.5707964,2.3397558,595.0,1079.0,1513.0,68.0,192.0,-136.0
0.0,-2.0,1.0,-2.0,-2.0,0.0,0.0,0.0,-2.681181,1.5707964,-2.8322513,-1855.0,-797.0,487.0,5.0,3.0,8.0,6.0,-1.0,-6.0,-2.0,23.0,1.0,-1.0,0.0,1.9620259,-1.5707964,2.3397558,595.0,1079.0,1513.0,68.0,192.0,-136.0
-1.0,0.0,-5.0,1.0,1.0,0.0,2.0,-2.0,-2.681181,1.5707964,-2.8322513,-1855.0,-797.0,487.0,5.0,3.0,8.0,-2.0,-3.0,-6.0,4.0,12.0,-6.0,-7.0,-10.0,1.9595833,-1.5707964,2.338796,598.0,1101.0,1541.0,46.0,192.0,-128.0
-2.0,2.0,-1.0,1.0,1.0,0.0,0.0,-2.0,-2.6813056,1.5707964,-2.8322482,-1861.0,-797.0,488.0,21.0,4.0,5.0,-2.0,-3.0,-6.0,4.0,12.0,-6.0,-7.0,-10.0,1.9595833,-1.5707964,2.338796,598.0,1101.0,1541.0,46.0,192.0,-128.0
1.0,-3.0,2.0,0.0,0.0,1.0,-1.0,1.0,-2.6813056,1.5707964,-2.8322482,-1861.0,-797.0,488.0,21.0,4.0,5.0,-6.0,-5.0,-2.0,-10.0,-49.0,-14.0,-2.0,-2.0,1.9572701,-1.5707964,2.338236,649.0,1091.0,1530.0,43.0,224.0,-115.0
-2.0,-2.0,-3.0,-1.0,-1.0,0.0,-1.0,0.0,-2.6814528,1.5707964,-2.8323615,-1857.0,-785.0,483.0,25.0,2.0,4.0,1.0,1.0,6.0,3.0,-1.0,-3.0,-2.0,-4.0,1.9572701,-1.5707964,2.338236,649.0,1091.0,1530.0,43.0,224.0,-115.0
-2.0,-2.0,-3.0,-1.0,-1.0,0.0,-1.0,0.0,-2.6814528,1.5707964,-2.8323615,-1857.0,-785.0,483.0,25.0,2.0,4.0,-5.0,-3.0,4.0,1.0,-15.0,2.0,-16.0,-8.0,1.9545593,-1.5707964,2.337797,621.0,1099.0,1550.0,36.0,253.0,-114.0
-3.0,-3.0,0.0,1.0,-1.0,0.0,-4.0,1.0,-2.6814528,1.5707964,-2.8323615,-1855.0,-772.0,475.0,11.0,1.0,6.0,-2.0,-4.0,3.0,11.0,5.0,1.0,6.0,5.0,1.9545593,-1.5707964,2.337797,621.0,1099.0,1550.0,36.0,253.0,-114.0
1.0,0.0,-2.0,-2.0,-2.0,0.0,1.0,0.0,-2.6814528,1.5707964,-2.8323615,-1855.0,-772.0,475.0,11.0,1.0,6.0,1.0,-4.0,-3.0,-9.0,-16.0,8.0,10.0,10.0,1.9514122,-1.5707964,2.3373601,602.0,1107.0,1558.0,-6.0,256.0,-112.0
0.0,2.0,1.0,0.0,0.0,-3.0,-2.0,0.0,-2.6814528,1.5707964,-2.8323615,-1853.0,-782.0,480.0,-7.0,-1.0,5.0,1.0,-4.0,-3.0,-9.0,-16.0,8.0,10.0,10.0,1.9514122,-1.5707964,2.3373601,602.0,1107.0,1558.0,-6.0,256.0,-112.0
-4.0,-2.0,0.0,3.0,1.0,0.0,1.0,-1.0,-2.6814528,1.5707964,-2.8323615,-1853.0,-782.0,480.0,-7.0,-1.0,5.0,-1.0,-1.0,5.0,22.0,21.0,7.0,0.0,-4.0,1.9485548,-1.5707964,2.3371413,631.0,1104.0,1565.0,-6.0,260.0,-104.0
0.0,2.0,-1.0,-3.0,-1.0,-1.0,-1.0,-2.0,-2.6815324,1.5707964,-2.8323689,-1865.0,-788.0,479.0,-16.0,0.0,3.0,-6.0,-2.0,-10.0,-21.0,-31.0,-15.0,-3.0,-9.0,1.9485548,-1.5707964,2.3371413,631.0,1104.0,1565.0,-6.0,260.0,-104.0
1.0,0.0,-2.0,-2.0,-1.0,-3.0,-1.0,-2.0,-2.6815324,1.5707964,-2.8323689,-1865.0,-788.0,479.0,-16.0,0.0,3.0,4.0,4.0,-1.0,-2.0,-11.0,-10.0,14.0,20.0,1.9456495,-1.5707964,2.3369322,622.0,1094.0,1573.0,1.0,270.0,-108.0
0.0,-1.0,-1.0,-1.0,-1.0,0.0,0.0,0.0,-2.6814528,1.5707964,-2.8323615,-1859.0,-792.0,494.0,-9.0,1.0,2.0,0.0,3.0,2.0,7.0,14.0,6.0,-12.0,-2.0,1.9456495,-1.5707964,2.3369322,622.0,1094.0,1573.0,1.0,270.0,-108.0
-4.0,-1.0,-2.0,-2.0,-3.0,-1.0,-2.0,-1.0,-2.6814528,1.5707964,-2.8323615,-1859.0,-792.0,494.0,-9.0,1.0,2.0,-2.0,-5.0,-7.0,-25.0,-15.0,-7.0,6.0,20.0,1.9427117,-1.5707964,2.3366597,583.0,1124.0,1613.0,-6.0,251.0,-105.0
1.0,-1.0,-1.0,-2.0,-1.0,-1.0,1.0,0.0,-2.681414,1.5707964,-2.832378,-1858.0,-794.0,493.0,3.0,3.0,6.0,-2.0,3.0,2.0,5.0,35.0,12.0,-9.0,5.0,1.9427117,-1.5707964,2.3366597,583.0,1124.0,1613.0,-6.0,251.0,-105.0
-1.0,2.0,-4.0,-1.0,-1.0,-1.0,-3.0,0.0,-2.681414,1.5707964,-2.832378,-1858.0,-794.0,493.0,3.0,3.0,6.0,-2.0,3.0,2.0,5.0,35.0,12.0,-9.0,5.0,1.9406166,-1.5707964,2.3365002,631.0,1152.0,1648.0,-12.0,200.0,-87.0
-1.0,2.0,-4.0,-1.0,-1.0,-1.0,-3.0,0.0,-2.6817563,1.5707964,-2.8326929,-1865.0,-795.0,478.0,16.0,2.0,9.0,-2.0,3.0,2.0,5.0,35.0,12.0,-9.0,5.0,1.9406166,-1.5707964,2.3365002,631.0,1152.0,1648.0,-12.0,200.0,-87.0
-2.0,-2.0,0.0,-2.0,-3.0,-2.0,1.0,-1.0,-2.6817563,1.5707964,-2.8326929,-1865.0,-795.0,478.0,16.0,2.0,9.0,12.0,-1.0,-8.0,-6.0,11.0,11.0,23.0,11.0,1.9384034,-1.5707964,2.3364022,638.0,1141.0,1689.0,-55.0,166.0,-74.0
-2.0,-2.0,0.0,-2.0,-3.0,-2.0,1.0,-1.0,-2.6821601,1.5707964,-2.8331077,-1860.0,-785.0,478.0,18.0,3.0,12.0,12.0,-1.0,-8.0,-6.0,11.0,11.0,23.0,11.0,1.9384034,-1.5707964,2.3364022,638.0,1141.0,1689.0,-55.0,166.0,-74.0
1.0,-1.0,2.0,1.0,1.0,2.0,1.0,0.0,-2.6821601,1.5707964,-2.8331077,-1851.0,-774.0,486.0,12.0,3.0,9.0,1.0,-2.0,0.0,-9.0,-17.0,-4.0,-15.0,-17.0,1.9384034,-1.5707964,2.3364022,638.0,1141.0,1689.0,-55.0,166.0,-74.0
-1.0,0.0,2.0,-3.0,-1.0,-1.0,-1.0,0.0,-2.6821601,1.5707964,-2.8331077,-1851.0,-774.0,486.0,12.0,3.0,9.0,0.0,0.0,1.0,0.0,-15.0,-2.0,-5.0,-5.0,1.9349971,-1.5707964,2.3362072,600.0,1135.0,1735.0,-58.0,61.0,-37.0
-1.0,-2.0,-1.0,0.0,-1.0,-1.0,-1.0,1.0,-2.6821601,1.5707964,-2.8331077,-1866.0,-778.0,483.0,-9.0,2.0,4.0,0.0,1.0,3.0,-4.0,2.0,-8.0,-24.0,-8.0,1.9349971,-1.5707964,2.3362072,600.0,1135.0,1735.0,-58.0,61.0,-37.0
0.0,1.0,1.0,0.0,0.0,-4.0,0.0,1.0,-2.6821601,1.5707964,-2.8331077,-1866.0,-778.0,483.0,-9.0,2.0,4.0,-1.0,6.0,2.0,4.0,3.0,-20.0,-21.0,-18.0,1.9348245,-1.5707964,2.3362708,595.0,1157.0,1733.0,-23.0,-14.0,7.0
-2.0,0.0,-1.0,-2.0,0.0,-2.0,-5.0,-2.0,-2.6822145,1.5707964,-2.8332014,-1855.0,-792.0,489.0,-18.0,5.0,4.0,-1.0,0.0,-2.0,-3.0,-9.0,-18.0,-10.0,-10.0,1.9348245,-1.5707964,2.3362708,595.0,1157.0,1733.0,-23.0,-14.0,7.0
-1.0,-3.0,-2.0,-1.0,0.0,0.0,-1.0,0.0,-2.6822145,1.5707964,-2.8332014,-1855.0,-792.0,489.0,-18.0,5.0,4.0,-3.0,-1.0,4.0,13.0,-7.0,-2.0,0.0,-4.0,1.9353838,-1.5707964,2.3367348,596.0,1179.0,1709.0,-37.0,-62.0,57.0
0.0,-2.0,2.0,-1.0,-2.0,-1.0,1.0,1.0,-2.6822534,1.5707964,-2.833185,-1860.0,-792.0,466.0,-10.0,7.0,2.0,-3.0,-1.0,4.0,13.0,-7.0,-2.0,0.0,-4.0,1.9353838,-1.5707964,2.3367348,596.0,1179.0,1709.0,-37.0,-62.0,57.0
-1.0,-1.0,2.0,-3.0,-2.0,-1.0,1.0,-2.0,-2.6822534,1.5707964,-2.833185,-1860.0,-792.0,466.0,-10.0,7.0,2.0,-9.0,-2.0,-4.0,-3.0,-5.0,-2.0,-1.0,-13.0,1.9359837,-1.5707964,2.3373466,542.0,1163.0,1710.0,-65.0,-122.0,103.0
-2.0,-2.0,-1.0,-5.0,-4.0,-1.0,-1.0,-3.0,-2.6822534,1.5707964,-2.833185,-1860.0,-790.0,481.0,5.0,4.0,4.0,-3.0,-2.0,-1.0,-8.0,-11.0,-6.0,-3.0,-5.0,1.9359837,-1.5707964,2.3373466,542.0,1163.0,1710.0,-65.0,-122.0,103.0
-2.0,0.0,0.0,1.0,1.0,-1.0,-4.0,-1.0,-2.6822534,1.5707964,-2.833185,-1860.0,-790.0,481.0,5.0,4.0,4.0,-2.0,-6.0,-3.0,-3.0,-13.0,7.0,6.0,-2.0,1.9373701,-1.5707964,2.3386357,521.0,1188.0,1696.0,-101.0,-191.0,192.0
-1.0,0.0,-2.0,0.0,-1.0,-1.0,0.0,1.0,-2.6822534,1.5707964,-2.833185,-1855.0,-782.0,488.0,10.0,4.0,7.0,-3.0,-5.0,-6.0,-8.0,-6.0,-2.0,-11.0,1.0,1.9373701,-1.5707964,2.3386357,521.0,1188.0,1696.0,-101.0,-191.0,192.0
-2.0,1.0,-2.0,0.0,-1.0,3.0,-1.0,0.0,-2.6822534,1.5707964,-2.833185,-1855.0,-782.0,488.0,10.0,4.0,7.0,0.0,0.0,12.0,1.0,-72.0,-2.0,8.0,13.0,1.9397993,-1.5707964,2.3408215,552.0,1188.0,1654.0,-143.0,-249.0,293.0
-1.0,-1.0,-2.0,0.0,1.0,-1.0,2.0,-1.0,-2.6822534,1.5707964,-2.833185,-1848.0,-787.0,480.0,7.0,6.0,5.0,0.0,0.0,12.0,1.0,-72.0,-2.0,8.0,13.0,1.9397993,-1.5707964,2.3408215,552.0,1188.0,1654.0,-143.0,-249.0,293.0
-1.0,0.0,-1.0,-2.0,0.0,-1.0,-2.0,2.0,-2.6822534,1.5707964,-2.833185,-1848.0,-787.0,480.0,7.0,6.0,5.0,-3.0,-9.0,-7.0,0.0,20.0,-8.0,-6.0,-15.0,1.9427639,-1.5707964,2.343743,568.0,1152.0,1642.0,-182.0,-300.0,361.0
-1.0,-1.0,0.0,0.0,1.0,1.0,-3.0,-2.0,-2.6822534,1.5707964,-2.833185,-1857.0,-792.0,488.0,12.0,8.0,-6.0,-6.0,0.0,0.0,-5.0,-11.0,1.0,-3.0,-5.0,1.9427639,-1.5707964,2.343743,568.0,1152.0,1642.0,-182.0,-300.0,361.0
-1.0,-4.0,1.0,-1.0,-1.0,0.0,0.0,0.0,-2.6822534,1.5707964,-2.833185,-1857.0,-792.0,488.0,12.0,8.0,-6.0,7.0,7.0,12.0,25.0,19.0,6.0,2.0,11.0,1.9465088,-1.5707964,2.3472002,614.0,1119.0,1642.0,-213.0,-345.0,417.0
1.0,-3.0,-1.0,-1.0,-4.0,0.0,-1.0,0.0,-2.6821845,1.5707964,-2.83303,-1858.0,-797.0,474.0,15.0,10.0,-7.0,-3.0,-8.0,-3.0,0.0,-21.0,-7.0,-7.0,-1.0,1.9465088,-1.5707964,2.3472002,614.0,1119.0,1642.0,-213.0,-345.0,417.0
0.0,1.0,3.0,1.0,-3.0,1.0,1.0,-3.0,-2.6821845,1.5707964,-2.83303,-1858.0,-797.0,474.0,15.0,10.0,-7.0,4.0,7.0,-4.0,-6.0,27.0,2.0,1.0,10.0,1.9509884,-1.5707964,2.3512638,643.0,1096.0,1617.0,-213.0,-355.0,457.0
-3.0,-1.0,1.0,1.0,1.0,0.0,1.0,-1.0,-2.682333,1.5707964,-2.8331923,-1859.0,-781.0,468.0,15.0,8.0,-7.0,4.0,7.0,-4.0,-6.0,27.0,2.0,1.0,10.0,1.9509884,-1.5707964,2.3512638,643.0,1096.0,1617.0,-213.0,-355.0,457.0
-3.0,-1.0,-2.0,0.0,-2.0,0.0,1.0,-1.0,-2.682333,1.5707964,-2.8331923,-1859.0,-781.0,468.0,15.0,8.0,-7.0,3.0,-2.0,-4.0,0.0,8.0,6.0,17.0,0.0,1.9560345,-1.5707964,2.3555806,643.0,1056.0,1577.0,-229.0,-376.0,473.0
2.0,0.0,0.0,-1.0,1.0,0.0,2.0,-1.0,-2.682333,1.5707964,-2.8331923,-1866.0,-783.0,482.0,5.0,8.0,-7.0,-5.0,-8.0,-1.0,0.0,7.0,-6.0,-17.0,-1.0,1.9560345,-1.5707964,2.3555806,643.0,1056.0,1577.0,-229.0,-376.0,473.0
2.0,-2.0,-1.0,-1.0,2.0,-1.0,0.0,0.0,-2.682333,1.5707964,-2.8331923,-1866.0,-783.0,482.0,5.0,8.0,-7.0,-2.0,-3.0,-6.0,-12.0,20.0,-8.0,22.0,7.0,1.9617276,-1.5707964,2.3600183,653.0,1013.0,1575.0,-232.0,-410.0,483.0
2.0,-1.0,-1.0,0.0,2.0,0.0,2.0,0.0,-2.682333,1.5707964,-2.8331923,-1854.0,-790.0,486.0,-2.0,11.0,-8.0,-1.0,1.0,-4.0,-9.0,1.0,13.0,15.0,-13.0,1.9617276,-1.5707964,2.3600183,653.0,1013.0,1575.0,-232.0,-410.0,483.0
-5.0,1.0,-1.0,1.0,0.0,-1.0,-3.0,-1.0,-2.6821845,1.5707964,-2.83303,-1850.0,-798.0,488.0,8.0,15.0,-9.0,-2.0,1.0,5.0,2.0,0.0,-1.0,8.0,-11.0,1.9617276,-1.5707964,2.3600183,653.0,1013.0,1575.0,-232.0,-410.0,483.0
-5.0,1.0,-1.0,1.0,0.0,-1.0,-3.0,-1.0,-2.6821845,1.5707964,-2.83303,-1850.0,-798.0,488.0,8.0,15.0,-9.0,-2.0,1.0,5.0,2.0,0.0,-1.0,8.0,-11.0,1.9686396,-1.5707964,2.3647387,710.0,980.0,1547.0,-202.0,-417.0,493.0
0.0,-1.0,-2.0,0.0,-1.0,-1.0,-1.0,-1.0,-2.6821845,1.5707964,-2.83303,-1850.0,-798.0,488.0,8.0,15.0,-9.0,2.0,-3.0,-12.0,-14.0,3.0,-12.0,-18.0,1.0,1.9757408,-1.5707964,2.3696063,714.0,973.0,1528.0,-192.0,-400.0,491.0
-1.0,0.0,-1.0,-3.0,-2.0,-1.0,-1.0,-2.0,-2.6822472,1.5707964,-2.8325155,-1864.0,-792.0,470.0,23.0,16.0,-10.0,2.0,-3.0,-12.0,-14.0,3.0,-12.0,-18.0,1.0,1.9757408,-1.5707964,2.3696063,714.0,973.0,1528.0,-192.0,-400.0,491.0
-2.0,2.0,-2.0,-1.0,-1.0,-1.0,-2.0,0.0,-2.6822472,1.5707964,-2.8325155,-1864.0,-792.0,470.0,23.0,16.0,-10.0,0.0,1.0,0.0,8.0,-24.0,13.0,10.0,26.0,1.9830526,-1.5707964,2.374312,690.0,933.0,1520.0,-183.0,-409.0,478.0
-2.0,2.0,-2.0,-1.0,-1.0,-1.0,-2.0,0.0,-2.6823936,1.5707964,-2.8322182,-1859.0,-777.0,473.0,26.0,14.0,-9.0,0.0,1.0,0.0,8.0,-24.0,13.0,10.0,26.0,1.9830526,-1.5707964,2.374312,690.0,933.0,1520.0,-183.0,-409.0,478.0
0.0,2.0,0.0,3.0,-1.0,-6.0,-2.0,-1.0,-2.6823936,1.5707964,-2.8322182,-1859.0,-777.0,473.0,26.0,14.0,-9.0,-9.0,-4.0,-9.0,-1.0,30.0,-15.0,-33.0,-33.0,1.9914052,-1.5707964,2.3793726,740.0,893.0,1499.0,-143.0,-413.0,483.0
-1.0,-1.0,-1.0,0.0,-2.0,-2.0,-3.0,-2.0,-2.6824546,1.5707964,-2.832318,-1868.0,-778.0,488.0,8.0,15.0,-6.0,-9.0,-4.0,-9.0,-1.0,30.0,-15.0,-33.0,-33.0,1.9914052,-1.5707964,2.3793726,740.0,893.0,1499.0,-143.0,-413.0,483.0
-2.0,1.0,0.0,0.0,-1.0,-1.0,0.0,0.0,-2.6824546,1.5707964,-2.832318,-1849.0,-783.0,497.0,-3.0,13.0,-1.0,-1.0,-1.0,-3.0,3.0,-2.0,-2.0,8.0,7.0,1.9914052,-1.5707964,2.3793726,740.0,893.0,1499.0,-143.0,-413.0,483.0
0.0,-1.0,1.0,2.0,1.0,1.0,-1.0,1.0,-2.6824546,1.5707964,-2.832318,-1849.0,-783.0,497.0,-3.0,13.0,-1.0,-1.0,-2.0,5.0,12.0,-9.0,0.0,-16.0,-4.0,2.0086048,-1.5707964,2.3899128,797.0,924.0,1473.0,-44.0,-328.0,487.0
-1.0,0.0,0.0,-3.0,-1.0,-1.0,0.0,-1.0,-2.6824546,1.5707964,-2.832318,-1858.0,-784.0,481.0,0.0,9.0,-6.0,0.0,1.0,6.0,3.0,5.0,-2.0,-7.0,-21.0,2.0086048,-1.5707964,2.3899128,797.0,924.0,1473.0,-44.0,-328.0,487.0
1.0,1.0,1.0,0.0,-2.0,1.0,-2.0,-1.0,-2.6824546,1.5707964,-2.832318,-1858.0,-784.0,481.0,0.0,9.0,-6.0,2.0,5.0,3.0,9.0,20.0,7.0,-10.0,-7.0,2.0171704,-1.5707964,2.3948717,791.0,917.0,1483.0,-122.0,-348.0,464.0
-1.0,0.0,-1.0,1.0,-1.0,-4.0,-1.0,0.0,-2.6824546,1.5707964,-2.832318,-1871.0,-778.0,482.0,1.0,6.0,-6.0,7.0,-4.0,-11.0,-8.0,10.0,-15.0,-8.0,-2.0,2.0171704,-1.5707964,2.3948717,791.0,917.0,1483.0,-122.0,-348.0,464.0
0.0,0.0,-1.0,1.0,1.0,-2.0,-3.0,-1.0,-2.6824546,1.5707964,-2.832318,-1864.0,-786.0,474.0,-1.0,3.0,7.0,-6.0,-2.0,0.0,6.0,3.0,0.0,-13.0,-12.0,2.0171704,-1.5707964,2.3948717,791.0,917.0,1483.0,-122.0,-348.0,464.0
0.0,-1.0,0.0,0.0,-2.0,-2.0,2.0,-2.0,-2.6824546,1.5707964,-2.832318,-1864.0,-786.0,474.0,-1.0,3.0,7.0,-7.0,-5.0,1.0,-3.0,-30.0,2.0,3.0,-2.0,2.0345957,-1.5707964,2.4045093,901.0,845.0,1504.0,-104.0,-302.0,400.0
0.0,-3.0,-1.0,-1.0,-2.0,-1.0,-1.0,-2.0,-2.6824546,1.5707964,-2.832318,-1859.0,-785.0,484.0,-6.0,-1.0,9.0,5.0,10.0,9.0,5.0,14.0,-1.0,4.0,7.0,2.0345957,-1.5707964,2.4045093,901.0,845.0,1504.0,-104.0,-302.0,400.0
-1.0,1.0,1.0,-1.0,0.0,-1.0,-3.0,-1.0,-2.6824546,1.5707964,-2.832318,-1859.0,-785.0,484.0,-6.0,-1.0,9.0,-1.0,2.0,11.0,6.0,4.0,19.0,6.0,1.0,2.0429022,-1.5707964,2.4093392,911.0,847.0,1467.0,-85.0,-257.0,399.0
-2.0,-1.0,0.0,-4.0,-4.0,2.0,-1.0,2.0,-2.6824546,1.5707964,-2.832318,-1851.0,-786.0,485.0,-5.0,-4.0,4.0,-1.0,2.0,11.0,6.0,4.0,19.0,6.0,1.0,2.0429022,-1.5707964,2.4093392,911.0,847.0,1467.0,-85.0,-257.0,399.0
-1.0,0.0,0.0,2.0,0.0,0.0,-2.0,0.0,-2.6825237,1.5707964,-2.832473,-1856.0,-780.0,487.0,-11.0,-4.0,4.0,4.0,0.0,3.0,3.0,1.0,-5.0,2.0,11.0,2.0429022,-1.5707964,2.4093392,911.0,847.0,1467.0,-85.0,-257.0,399.0
-2.0,-4.0,-1.0,-1.0,-1.0,0.0,-2.0,0.0,-2.6825237,1.5707964,-2.832473,-1856.0,-780.0,487.0,-11.0,-4.0,4.0,-9.0,-6.0,-10.0,-15.0,-12.0,-14.0,-14.0,12.0,2.057315,-1.5707964,2.4176013,893.0,831.0,1493.0,-89.0,-224.0,333.0
1.0,-2.0,0.0,-3.0,-3.0,0.0,-1.0,-1.0,-2.6825168,1.5707964,-2.8324666,-1861.0,-793.0,470.0,-21.0,-6.0,2.0,-5.0,-2.0,-11.0,-18.0,-24.0,-14.0,-9.0,-7.0,2.057315,-1.5707964,2.4176013,893.0,831.0,1493.0,-89.0,-224.0,333.0
1.0,0.0,1.0,-1.0,1.0,-1.0,-1.0,-1.0,-2.6825168,1.5707964,-2.8324666,-1861.0,-793.0,470.0,-21.0,-6.0,2.0,-5.0,-2.0,-11.0,-18.0,-24.0,-14.0,-9.0,-7.0,2.0638309,-1.5707964,2.4216018,903.0,813.0,1465.0,-75.0,-178.0,329.0
-1.0,-2.0,2.0,1.0,1.0,0.0,-2.0,-1.0,-2.6825168,1.5707964,-2.8324666,-1858.0,-797.0,477.0,-16.0,-7.0,2.0,-5.0,-2.0,-11.0,-18.0,-24.0,-14.0,-9.0,-7.0,2.0638309,-1.5707964,2.4216018,903.0,813.0,1465.0,-75.0,-178.0,329.0
-1.0,-1.0,-2.0,1.0,-1.0,-2.0,-2.0,-1.0,-2.682448,1.5707964,-2.8323116,-1847.0,-803.0,476.0,-9.0,-1.0,4.0,0.0,-2.0,-6.0,-12.0,-9.0,-9.0,-1.0,-1.0,2.0638309,-1.5707964,2.4216018,903.0,813.0,1465.0,-75.0,-178.0,329.0
1.0,1.0,-1.0,-2.0,-2.0,-2.0,-1.0,-2.0,-2.682448,1.5707964,-2.8323116,-1847.0,-803.0,476.0,-9.0,-1.0,4.0,-3.0,1.0,-3.0,-8.0,-3.0,7.0,10.0,3.0,2.0746045,-1.5707964,2.4290817,926.0,806.0,1475.0,-114.0,-105.0,287.0
0.0,-4.0,0.0,0.0,1.0,-1.0,3.0,0.0,-2.682448,1.5707964,-2.8323116,-1855.0,-793.0,477.0,5.0,3.0,2.0,-8.0,-8.0,-6.0,-13.0,-30.0,-7.0,-5.0,-5.0,2.0746045,-1.5707964,2.4290817,926.0,806.0,1475.0,-114.0,-105.0,287.0
-2.0,0.0,0.0,0.0,0.0,1.0,-2.0,-2.0,-2.682448,1.5707964,-2.8323116,-1855.0,-793.0,477.0,5.0,3.0,2.0,-6.0,-4.0,-5.0,-11.0,-13.0,-18.0,0.0,-15.0,2.0791905,-1.5707964,2.4320192,928.0,776.0,1461.0,-142.0,-98.0,237.0
-1.0,0.0,-1.0,-1.0,-1.0,-3.0,2.0,-2.0,-2.6823866,1.5707964,-2.8322117,-1870.0,-793.0,475.0,12.0,3.0,1.0,-6.0,-4.0,-5.0,-11.0,-13.0,-18.0,0.0,-15.0,2.0791905,-1.5707964,2.4320192,928.0,776.0,1461.0,-142.0,-98.0,237.0
-1.0,0.0,1.0,-1.0,1.0,-2.0,-4.0,0.0,-2.6823866,1.5707964,-2.8322117,-1852.0,-788.0,483.0,10.0,4.0,5.0,0.0,-1.0,1.0,9.0,26.0,15.0,2.0,6.0,2.0791905,-1.5707964,2.4320192,928.0,776.0,1461.0,-142.0,-98.0,237.0
-1.0,0.0,-1.0,-2.0,1.0,2.0,-1.0,0.0,-2.6823866,1.5707964,-2.8322117,-1852.0,-788.0,483.0,10.0,4.0,5.0,3.0,0.0,-7.0,-3.0,29.0,2.0,2.0,1.0,2.0874796,-1.5707964,2.4367373,958.0,728.0,1490.0,-55.0,-103.0,167.0
-1.0,0.0,-1.0,-2.0,1.0,2.0,-1.0,0.0,-2.682448,1.5707964,-2.8323116,-1857.0,-779.0,478.0,-4.0,8.0,3.0,3.0,0.0,-7.0,-3.0,29.0,2.0,2.0,1.0,2.0874796,-1.5707964,2.4367373,958.0,728.0,1490.0,-55.0,-103.0,167.0
0.0,0.0,1.0,-1.0,-4.0,-3.0,-1.0,-2.0,-2.6825168,1.5707964,-2.8324666,-1871.0,-785.0,477.0,-12.0,5.0,4.0,1.0,-1.0,-2.0,-7.0,-9.0,11.0,-11.0,3.0,2.0874796,-1.5707964,2.4367373,958.0,728.0,1490.0,-55.0,-103.0,167.0
0.0,0.0,1.0,-1.0,-4.0,-3.0,-1.0,-2.0,-2.6825168,1.5707964,-2.8324666,-1871.0,-785.0,477.0,-12.0,5.0,4.0,1.0,-1.0,-2.0,-7.0,-9.0,11.0,-11.0,3.0,2.0913668,-1.5707964,2.4386263,969.0,712.0,1477.0,39.0,-103.0,130.0
-2.0,-1.0,-3.0,0.0,2.0,-1.0,2.0,-1.0,-2.682448,1.5707964,-2.8323116,-1854.0,-793.0,492.0,-10.0,5.0,4.0,-4.0,-4.0,-2.0,-6.0,-12.0,-25.0,-18.0,-9.0,2.0913668,-1.5707964,2.4386263,969.0,712.0,1477.0,39.0,-103.0,130.0
-3.0,0.0,-2.0,0.0,-1.0,0.0,-1.0,-1.0,-2.682448,1.5707964,-2.8323116,-1854.0,-793.0,492.0,-10.0,5.0,4.0,4.0,5.0,3.0,8.0,6.0,6.0,5.0,3.0,2.096344,-1.5707964,2.44046,920.0,780.0,1467.0,214.0,-112.0,66.0
0.0,-1.0,-1.0,0.0,-2.0,3.0,-3.0,-2.0,-2.6823866,1.5707964,-2.8322117,-1862.0,-802.0,486.0,-9.0,9.0,4.0,-1.0,-3.0,0.0,5.0,-7.0,-1.0,3.0,-1.0,2.096344,-1.5707964,2.44046,920.0,780.0,1467.0,214.0,-112.0,66.0
1.0,-1.0,-1.0,-4.0,1.0,-2.0,-2.0,0.0,-2.6823866,1.5707964,-2.8322117,-1862.0,-802.0,486.0,-9.0,9.0,4.0,2.0,-1.0,6.0,7.0,-15.0,-9.0,2.0,12.0,2.098906,-1.5707964,2.4413826,960.0,791.0,1437.0,199.0,-98.0,72.0
-1.0,-1.0,0.0,-2.0,-3.0,0.0,0.0,0.0,-2.6823866,1.5707964,-2.8322117,-1865.0,-793.0,482.0,1.0,7.0,1.0,2.0,-1.0,6.0,7.0,-15.0,-9.0,2.0,12.0,2.098906,-1.5707964,2.4413826,960.0,791.0,1437.0,199.0,-98.0,72.0
-2.0,0.0,-2.0,0.0,-2.0,-2.0,-2.0,2.0,-2.6823866,1.5707964,-2.8322117,-1858.0,-797.0,471.0,3.0,3.0,1.0,-5.0,-6.0,-4.0,-7.0,16.0,-9.0,-5.0,-3.0,2.098906,-1.5707964,2.4413826,960.0,791.0,1437.0,199.0,-98.0,72.0
-2.0,0.0,-2.0,0.0,-2.0,-2.0,-2.0,2.0,-2.6823866,1.5707964,-2.8322117,-1858.0,-797.0,471.0,3.0,3.0,1.0,-3.0,2.0,6.0,20.0,10.0,3.0,4.0,-12.0,2.10116,-1.5707964,2.4413939,950.0,821.0,1417.0,159.0,-54.0,-18.0
0.0,-1.0,2.0,2.0,0.0,1.0,-1.0,-2.0,-2.6823866,1.5707964,-2.8322117,-1851.0,-787.0,479.0,1.0,3.0,1.0,3.0,1.0,-1.0,19.0,55.0,19.0,23.0,10.0,2.10116,-1.5707964,2.4413939,950.0,821.0,1417.0,159.0,-54.0,-18.0
-2.0,-1.0,-3.0,0.0,1.0,0.0,-3.0,-1.0,-2.6823866,1.5707964,-2.8322117,-1851.0,-787.0,479.0,1.0,3.0,1.0,0.0,-1.0,-5.0,-7.0,40.0,-4.0,-15.0,-4.0,2.1013026,-1.5707964,2.4411333,923.0,805.0,1396.0,142.0,-35.0,-12.0
0.0,0.0,-3.0,-1.0,-2.0,-2.0,0.0,-2.0,-2.6823866,1.5707964,-2.8322117,-1865.0,-785.0,486.0,-4.0,2.0,-3.0,0.0,-1.0,-5.0,-7.0,40.0,-4.0,-15.0,-4.0,2.1013026,-1.5707964,2.4411333,923.0,805.0,1396.0,142.0,-35.0,-12.0
-1.0,-1.0,2.0,1.0,0.0,-1.0,-4.0,-1.0,-2.6823866,1.5707964,-2.8322117,-1860.0,-786.0,475.0,-6.0,1.0,-1.0,0.0,2.0,0.0,1.0,4.0,-10.0,-24.0,-31.0,2.1013026,-1.5707964,2.4411333,923.0,805.0,1396.0,142.0,-35.0,-12.0
-1.0,0.0,-2.0,-2.0,1.0,-2.0,-3.0,-1.0,-2.6823866,1.5707964,-2.8322117,-1860.0,-786.0,475.0,-6.0,1.0,-1.0,-1.0,0.0,-9.0,-9.0,-16.0,-13.0,-5.0,3.0,2.1019597,-1.5707964,2.4412098,966.0,816.0,1432.0,195.0,-36.0,1.0
2.0,0.0,1.0,-1.0,0.0,-3.0,-1.0,-1.0,-2.6823866,1.5707964,-2.8322117,-1862.0,-792.0,490.0,-4.0,4.0,-2.0,2.0,5.0,4.0,5.0,5.0,0.0,3.0,9.0,2.1019597,-1.5707964,2.4412098,966.0,816.0,1432.0,195.0,-36.0,1.0
0.0,-3.0,0.0,1.0,0.0,-1.0,0.0,1.0,-2.6824255,1.5707964,-2.8321955,-1858.0,-789.0,461.0,8.0,3.0,0.0,3.0,1.0,-5.0,-12.0,-33.0,2.0,3.0,1.0,2.1019597,-1.5707964,2.4412098,966.0,816.0,1432.0,195.0,-36.0,1.0
-1.0,1.0,0.0,-1.0,0.0,-1.0,0.0,2.0,-2.6824255,1.5707964,-2.8321955,-1858.0,-789.0,461.0,8.0,3.0,0.0,3.0,1.0,-5.0,-12.0,-33.0,2.0,3.0,1.0,2.1028836,-1.5707964,2.4412386,993.0,798.0,1430.0,241.0,-44.0,-12.0
0.0,-1.0,1.0,-2.0,0.0,-3.0,2.0,0.0,-2.6824255,1.5707964,-2.8321955,-1867.0,-779.0,476.0,9.0,0.0,2.0,-5.0,2.0,-10.0,-22.0,18.0,-29.0,-9.0,4.0,2.1028836,-1.5707964,2.4412386,993.0,798.0,1430.0,241.0,-44.0,-12.0
1.0,-1.0,1.0,1.0,-2.0,-1.0,-1.0,1.0,-2.6824255,1.5707964,-2.8321955,-1867.0,-779.0,476.0,9.0,0.0,2.0,0.0,8.0,4.0,7.0,20.0,44.0,14.0,-7.0,2.1048076,-1.5707964,2.4416592,1026.0,832.0,1444.0,331.0,-17.0,3.0
1.0,-1.0,1.0,1.0,-2.0,-1.0,-1.0,1.0,-2.682505,1.5707964,-2.832203,-1860.0,-782.0,480.0,-11.0,-1.0,3.0,0.0,8.0,4.0,7.0,20.0,44.0,14.0,-7.0,2.1048076,-1.5707964,2.4416592,1026.0,832.0,1444.0,331.0,-17.0,3.0
1.0,0.0,1.0,0.0,-1.0,0.0,-1.0,-1.0,-2.682505,1.5707964,-2.832203,-1860.0,-782.0,480.0,-11.0,-1.0,3.0,-3.0,-8.0,0.0,-9.0,-14.0,-10.0,-2.0,-5.0,2.1046472,-1.5707964,2.441547,994.0,881.0,1438.0,336.0,11.0,-3.0
1.0,0.0,1.0,0.0,-1.0,0.0,-1.0,-1.0,-2.6824188,1.5707964,-2.832189,-1856.0,-797.0,482.0,-22.0,1.0,4.0,-3.0,-8.0,0.0,-9.0,-14.0,-10.0,-2.0,-5.0,2.1046472,-1.5707964,2.441547,994.0,881.0,1438.0,336.0,11.0,-3.0
-3.0,2.0,1.0,0.0,0.0,-2.0,0.0,0.0,-2.6824188,1.5707964,-2.832189,-1866.0,-801.0,478.0,-7.0,-1.0,7.0,-4.0,-1.0,3.0,0.0,29.0,15.0,-6.0,-11.0,2.1046472,-1.5707964,2.441547,994.0,881.0,1438.0,336.0,11.0,-3.0
-2.0,1.0,-2.0,0.0,-1.0,0.0,-3.0,-1.0,-2.6824188,1.5707964,-2.832189,-1866.0,-801.0,478.0,-7.0,-1.0,7.0,3.0,-1.0,-5.0,-13.0,-15.0,-15.0,-5.0,3.0,2.1062682,-1.5707964,2.4423902,1064.0,900.0,1420.0,282.0,-5.0,40.0
-2.0,1.0,-2.0,0.0,-1.0,0.0,-3.0,-1.0,-2.6824188,1.5707964,-2.832189,-1871.0,-785.0,483.0,12.0,-5.0,9.0,-4.0,-4.0,-8.0,-10.0,4.0,-7.0,-7.0,-11.0,2.1062682,-1.5707964,2.4423902,1064.0,900.0,1420.0,282.0,-5.0,40.0
0.0,-2.0,-1.0,-2.0,-2.0,0.0,-5.0,-3.0,-2.6824188,1.5707964,-2.832189,-1871.0,-785.0,483.0,12.0,-5.0,9.0,-3.0,-5.0,0.0,5.0,8.0,-7.0,-7.0,3.0,2.1070604,-1.5707964,2.4427056,1059.0,901.0,1424.0,298.0,11.0,12.0
0.0,-2.0,-1.0,-2.0,-2.0,0.0,-5.0,-3.0,-2.6825671,1.5707964,-2.8323512,-1870.0,-771.0,472.0,7.0,-6.0,9.0,-3.0,-5.0,0.0,5.0,8.0,-7.0,-7.0,3.0,2.1070604,-1.5707964,2.4427056,1059.0,901.0,1424.0,298.0,11.0,12.0
1.0,-2.0,-1.0,-3.0,-1.0,0.0,-2.0,-2.0,-2.6825671,1.5707964,-2.8323512,-1850.0,-795.0,487.0,-10.0,-4.0,7.0,-4.0,-3.0,-4.0,-4.0,7.0,12.0,6.0,6.0,2.1070604,-1.5707964,2.4427056,1059.0,901.0,1424.0,298.0,11.0,12.0
1.0,-3.0,-1.0,0.0,-4.0,-1.0,1.0,0.0,-2.6825671,1.5707964,-2.8323512,-1850.0,-795.0,487.0,-10.0,-4.0,7.0,-1.0,-1.0,-9.0,-10.0,-32.0,-14.0,-8.0,-8.0,2.107953,-1.5707964,2.4436557,1036.0,984.0,1440.0,314.0,-2.0,86.0
1.0,-3.0,-1.0,0.0,-4.0,-1.0,1.0,0.0,-2.6825671,1.5707964,-2.8323512,-1866.0,-787.0,467.0,-12.0,-9.0,-1.0,6.0,4.0,8.0,6.0,-47.0,5.0,9.0,2.0,2.107953,-1.5707964,2.4436557,1036.0,984.0,1440.0,314.0,-2.0,86.0
-1.0,0.0,1.0,-3.0,-3.0,1.0,2.0,0.0,-2.6825671,1.5707964,-2.8323512,-1866.0,-787.0,467.0,-12.0,-9.0,-1.0,6.0,4.0,8.0,6.0,-47.0,5.0,9.0,2.0,2.1100793,-1.5707964,2.4452097,1095.0,929.0,1417.0,246.0,2.0,106.0
-1.0,-3.0,-1.0,0.0,1.0,-1.0,0.0,1.0,-2.6825671,1.5707964,-2.8323512,-1865.0,-789.0,487.0,-12.0,-9.0,0.0,2.0,-3.0,-3.0,-6.0,-4.0,5.0,19.0,4.0,2.1100793,-1.5707964,2.4452097,1095.0,929.0,1417.0,246.0,2.0,106.0
-3.0,0.0,2.0,0.0,2.0,-3.0,0.0,-2.0,-2.6825671,1.5707964,-2.8323512,-1865.0,-789.0,487.0,-12.0,-9.0,0.0,-3.0,-3.0,-7.0,-11.0,14.0,-11.0,-6.0,0.0,2.110797,-1.5707964,2.4459422,1065.0,926.0,1450.0,241.0,28.0,44.0
-3.0,2.0,-2.0,0.0,-1.0,1.0,1.0,-3.0,-2.6825671,1.5707964,-2.8323512,-1857.0,-787.0,484.0,-13.0,-8.0,4.0,-2.0,4.0,3.0,-6.0,9.0,-8.0,-5.0,-7.0,2.110797,-1.5707964,2.4459422,1065.0,926.0,1450.0,241.0,28.0,44.0
-2.0,-1.0,0.0,1.0,1.0,-1.0,-1.0,-1.0,-2.6825671,1.5707964,-2.8323512,-1857.0,-787.0,484.0,-13.0,-8.0,4.0,-2.0,4.0,3.0,-6.0,9.0,-8.0,-5.0,-7.0,2.11095,-1.5707964,2.4465792,1043.0,960.0,1457.0,252.0,41.0,45.0
1.0,-2.0,0.0,0.0,-1.0,-2.0,-3.0,-1.0,-2.6825671,1.5707964,-2.8323512,-1861.0,-799.0,481.0,-6.0,-4.0,5.0,9.0,15.0,21.0,39.0,12.0,33.0,-2.0,4.0,2.11095,-1.5707964,2.4465792,1043.0,960.0,1457.0,252.0,41.0,45.0
-1.0,1.0,2.0,1.0,0.0,0.0,-3.0,-2.0,-2.6825671,1.5707964,-2.8323512,-1861.0,-799.0,481.0,-6.0,-4.0,5.0,9.0,15.0,21.0,39.0,12.0,33.0,-2.0,4.0,2.1117713,-1.5707964,2.4477386,1064.0,959.0,1435.0,232.0,41.0,80.0
-2.0,-1.0,-1.0,0.0,-2.0,-2.0,0.0,-1.0,-2.6825671,1.5707964,-2.8323512,-1861.0,-784.0,469.0,13.0,-3.0,3.0,2.0,7.0,7.0,3.0,-5.0,6.0,8.0,5.0,2.1117713,-1.5707964,2.4477386,1064.0,959.0,1435.0,232.0,41.0,80.0
-4.0,-3.0,-1.0,1.0,-2.0,-1.0,3.0,-1.0,-2.6825671,1.5707964,-2.8323512,-1861.0,-784.0,469.0,13.0,-3.0,3.0,0.0,0.0,-4.0,3.0,18.0,-3.0,1.0,4.0,2.1127608,-1.5707964,2.4489212,1073.0,938.0,1387.0,236.0,50.0,75.0
1.0,0.0,-1.0,2.0,-1.0,-2.0,-3.0,1.0,-2.682606,1.5707964,-2.832335,-1859.0,-773.0,461.0,8.0,-3.0,-2.0,3.0,-5.0,-9.0,-13.0,-10.0,1.0,12.0,17.0,2.1127608,-1.5707964,2.4489212,1073.0,938.0,1387.0,236.0,50.0,75.0
-2.0,1.0,1.0,-1.0,1.0,0.0,-5.0,1.0,-2.682606,1.5707964,-2.832335,-1859.0,-773.0,461.0,8.0,-3.0,-2.0,3.0,-5.0,-9.0,-13.0,-10.0,1.0,12.0,17.0,2.1127427,-1.5707964,2.449586,1027.0,947.0,1435.0,227.0,43.0,47.0
0.0,0.0,0.0,-2.0,-3.0,0.0,0.0,-3.0,-2.682679,1.5707964,-2.8323357,-1862.0,-780.0,480.0,-25.0,2.0,-2.0,5.0,-4.0,1.0,-2.0,-3.0,-18.0,-6.0,23.0,2.1127427,-1.5707964,2.449586,1027.0,947.0,1435.0,227.0,43.0,47.0
-1.0,0.0,0.0,0.0,-1.0,1.0,-3.0,-2.0,-2.682679,1.5707964,-2.8323357,-1862.0,-780.0,480.0,-25.0,2.0,-2.0,5.0,-4.0,1.0,-2.0,-3.0,-18.0,-6.0,23.0,2.113069,-1.5707964,2.4503963,1028.0,971.0,1459.0,216.0,29.0,56.0
-1.0,-2.0,2.0,-2.0,0.0,1.0,-2.0,0.0,-2.682697,1.5707964,-2.8322513,-1859.0,-797.0,476.0,-32.0,3.0,-1.0,2.0,6.0,7.0,4.0,0.0,19.0,13.0,1.0,2.113069,-1.5707964,2.4503963,1028.0,971.0,1459.0,216.0,29.0,56.0
-1.0,4.0,-1.0,-1.0,0.0,1.0,-1.0,-3.0,-2.682697,1.5707964,-2.8322513,-1859.0,-797.0,476.0,-32.0,3.0,-1.0,2.0,6.0,7.0,4.0,0.0,19.0,13.0,1.0,2.1140978,-1.5707964,2.451348,1076.0,959.0,1419.0,197.0,22.0,60.0
-2.0,2.0,1.0,0.0,0.0,-1.0,0.0,-2.0,-2.682697,1.5707964,-2.8322513,-1852.0,-795.0,483.0,-13.0,1.0,-1.0,-1.0,0.0,0.0,-5.0,-31.0,-16.0,-4.0,-10.0,2.1140978,-1.5707964,2.451348,1076.0,959.0,1419.0,197.0,22.0,60.0
-1.0,-2.0,-1.0,0.0,1.0,-1.0,0.0,-1.0,-2.682697,1.5707964,-2.8322513,-1852.0,-795.0,483.0,-13.0,1.0,-1.0,-1.0,0.0,0.0,-5.0,-31.0,-16.0,-4.0,-10.0,2.1150222,-1.5707964,2.4521298,1080.0,920.0,1421.0,190.0,20.0,33.0
-1.0,1.0,-4.0,0.0,0.0,-1.0,-2.0,-2.0,-2.682697,1.5707964,-2.8322513,-1859.0,-788.0,480.0,4.0,3.0,-2.0,-7.0,-9.0,-9.0,-7.0,26.0,-3.0,-2.0,-7.0,2.1150222,-1.5707964,2.4521298,1080.0,920.0,1421.0,190.0,20.0,33.0
-3.0,-1.0,3.0,-3.0,-1.0,-2.0,1.0,1.0,-2.682697,1.5707964,-2.8322513,-1859.0,-788.0,480.0,4.0,3.0,-2.0,-7.0,-9.0,-9.0,-7.0,26.0,-3.0,-2.0,-7.0,2.1153414,-1.5707964,2.4525414,1054.0,945.0,1429.0,214.0,27.0,8.0
1.0,0.0,-2.0,-1.0,-1.0,-3.0,1.0,2.0,-2.6825788,1.5707964,-2.8322604,-1857.0,-779.0,491.0,3.0,1.0,-3.0,1.0,0.0,-3.0,1.0,38.0,16.0,2.0,2.0,2.1153414,-1.5707964,2.4525414,1054.0,945.0,1429.0,214.0,27.0,8.0
2.0,-1.0,-1.0,-2.0,-1.0,0.0,0.0,0.0,-2.6825788,1.5707964,-2.8322604,-1857.0,-779.0,491.0,3.0,1.0,-3.0,-7.0,-2.0,0.0,2.0,-12.0,-18.0,-18.0,-17.0,2.115174,-1.5707964,2.452872,1033.0,979.0,1420.0,218.0,43.0,18.0
-1.0,-2.0,-1.0,0.0,2.0,-2.0,3.0,-4.0,-2.6825788,1.5707964,-2.8322604,-1860.0,-787.0,474.0,-3.0,0.0,-5.0,0.0,-9.0,-6.0,0.0,17.0,24.0,10.0,2.0,2.115174,-1.5707964,2.452872,1033.0,979.0,1420.0,218.0,43.0,18.0
0.0,-2.0,2.0,1.0,-1.0,-1.0,-1.0,-1.0,-2.6825788,1.5707964,-2.8322604,-1860.0,-787.0,474.0,-3.0,0.0,-5.0,0.0,-9.0,-6.0,0.0,17.0,24.0,10.0,2.0,2.1148229,-1.5707964,2.4530826,1030.0,989.0,1411.0,200.0,54.0,7.0
-2.0,0.0,1.0,0.0,1.0,-1.0,-2.0,0.0,-2.6826177,1.5707964,-2.832244,-1862.0,-796.0,477.0,-4.0,-1.0,-6.0,-3.0,-1.0,0.0,-14.0,-47.0,46.0,17.0,5.0,2.1148229,-1.5707964,2.4530826,1030.0,989.0,1411.0,200.0,54.0,7.0
-1.0,1.0,-2.0,-1.0,-2.0,1.0,-3.0,-2.0,-2.6826177,1.5707964,-2.832244,-1862.0,-796.0,477.0,-4.0,-1.0,-6.0,-3.0,-1.0,0.0,-14.0,-47.0,46.0,17.0,5.0,2.1144807,-1.5707964,2.4529462,1049.0,1013.0,1399.0,199.0,49.0,-16.0
-2.0,-4.0,0.0,0.0,-2.0,-1.0,0.0,0.0,-2.6826282,1.5707964,-2.8320966,-1857.0,-799.0,470.0,2.0,0.0,0.0,-1.0,-1.0,1.0,5.0,-4.0,11.0,-3.0,-17.0,2.1144807,-1.5707964,2.4529462,1049.0,1013.0,1399.0,199.0,49.0,-16.0
1.0,0.0,-2.0,1.0,0.0,1.0,-2.0,1.0,-2.6826282,1.5707964,-2.8320966,-1857.0,-799.0,470.0,2.0,0.0,0.0,-6.0,-4.0,12.0,-2.0,-75.0,-10.0,2.0,2.0,2.114712,-1.5707964,2.4530222,1073.0,993.0,1371.0,200.0,46.0,-16.0
-5.0,-1.0,0.0,-3.0,-3.0,-2.0,-3.0,-1.0,-2.6827724,1.5707964,-2.8324127,-1859.0,-787.0,473.0,17.0,-1.0,4.0,-5.0,-7.0,-9.0,0.0,5.0,-20.0,-12.0,-5.0,2.114712,-1.5707964,2.4530222,1073.0,993.0,1371.0,200.0,46.0,-16.0
1.0,-1.0,-3.0,1.0,-1.0,-3.0,0.0,0.0,-2.6827724,1.5707964,-2.8324127,-1859.0,-787.0,473.0,17.0,-1.0,4.0,-5.0,-7.0,-9.0,0.0,5.0,-20.0,-12.0,-5.0,2.1143236,-1.5707964,2.4529676,1053.0,1024.0,1364.0,203.0,72.0,-18.0
2.0,3.0,-1.0,-1.0,0.0,-1.0,-2.0,0.0,-2.6827724,1.5707964,-2.8324127,-1859.0,-787.0,473.0,17.0,-1.0,4.0,-5.0,-3.0,0.0,-2.0,3.0,-21.0,-13.0,-8.0,2.1130614,-1.5707964,2.4527895,998.0,1045.0,1356.0,202.0,100.0,-17.0
2.0,3.0,-1.0,-1.0,0.0,-1.0,-2.0,0.0,-2.6829987,1.5707964,-2.832534,-1867.0,-777.0,471.0,21.0,-1.0,1.0,-5.0,-3.0,0.0,-2.0,3.0,-21.0,-13.0,-8.0,2.1130614,-1.5707964,2.4527895,998.0,1045.0,1356.0,202.0,100.0,-17.0
0.0,-3.0,-3.0,0.0,-1.0,0.0,1.0,-2.0,-2.6831067,1.5707964,-2.8326724,-1857.0,-775.0,473.0,14.0,0.0,2.0,1.0,1.0,5.0,-5.0,-30.0,10.0,9.0,11.0,2.1130614,-1.5707964,2.4527895,998.0,1045.0,1356.0,202.0,100.0,-17.0
-1.0,-1.0,-2.0,1.0,-1.0,-4.0,3.0,0.0,-2.6831067,1.5707964,-2.8326724,-1857.0,-775.0,473.0,14.0,0.0,2.0,-1.0,0.0,-5.0,-3.0,30.0,-8.0,-2.0,-7.0,2.1118176,-1.5707964,2.4528067,988.0,1038.0,1395.0,160.0,87.0,1.0
0.0,3.0,3.0,-4.0,-3.0,1.0,-3.0,1.0,-2.6831067,1.5707964,-2.8326724,-1859.0,-791.0,478.0,0.0,2.0,-2.0,-2.0,-3.0,-7.0,-12.0,-17.0,-35.0,-18.0,-9.0,2.1118176,-1.5707964,2.4528067,988.0,1038.0,1395.0,160.0,87.0,1.0
-1.0,-1.0,0.0,-3.0,-1.0,-2.0,-1.0,-3.0,-2.6831067,1.5707964,-2.8326724,-1859.0,-791.0,478.0,0.0,2.0,-2.0,-2.0,-3.0,-7.0,-12.0,-17.0,-35.0,-18.0,-9.0,2.1120355,-1.5707964,2.453212,1059.0,996.0,1367.0,154.0,51.0,5.0
0.0,-1.0,0.0,1.0,-1.0,2.0,-3.0,-2.0,-2.6830676,1.5707964,-2.8326888,-1853.0,-782.0,487.0,-6.0,0.0,-3.0,0.0,-1.0,-5.0,-3.0,2.0,-10.0,-10.0,4.0,2.1120355,-1.5707964,2.453212,1059.0,996.0,1367.0,154.0,51.0,5.0
1.0,-1.0,0.0,0.0,0.0,-1.0,-2.0,-3.0,-2.6830676,1.5707964,-2.8326888,-1853.0,-782.0,487.0,-6.0,0.0,-3.0,0.0,-1.0,-5.0,-3.0,2.0,-10.0,-10.0,4.0,2.1118894,-1.5707964,2.45321,1064.0,979.0,1365.0,199.0,59.0,-35.0
-3.0,1.0,-3.0,-2.0,-1.0,0.0,0.0,-1.0,-2.6830676,1.5707964,-2.8326888,-1862.0,-792.0,487.0,-12.0,3.0,-1.0,-3.0,-1.0,-1.0,-11.0,-13.0,-2.0,-1.0,-1.0,2.1118894,-1.5707964,2.45321,1064.0,979.0,1365.0,199.0,59.0,-35.0
0.0,-1.0,3.0,1.0,0.0,-1.0,-1.0,-4.0,-2.6830676,1.5707964,-2.8326888,-1862.0,-792.0,487.0,-12.0,3.0,-1.0,4.0,1.0,2.0,0.0,-14.0,11.0,13.0,3.0,2.1112077,-1.5707964,2.452802,1018.0,1023.0,1369.0,262.0,79.0,-55.0
-3.0,0.0,1.0,-1.0,-1.0,-1.0,-2.0,1.0,-2.6830676,1.5707964,-2.8326888,-1871.0,-803.0,479.0,-13.0,1.0,-1.0,-6.0,-6.0,-12.0,-16.0,15.0,0.0,1.0,-9.0,2.1112077,-1.5707964,2.452802,1018.0,1023.0,1369.0,262.0,79.0,-55.0
-1.0,-2.0,-5.0,-2.0,-1.0,0.0,1.0,0.0,-2.6830676,1.5707964,-2.8326888,-1871.0,-803.0,479.0,-13.0,1.0,-1.0,-6.0,-6.0,-12.0,-16.0,15.0,0.0,1.0,-9.0,2.1105783,-1.5707964,2.4524446,1008.0,1061.0,1367.0,246.0,74.0,-36.0
-1.0,-1.0,-1.0,1.0,-1.0,1.0,0.0,1.0,-2.6829376,1.5707964,-2.8324342,-1869.0,-794.0,476.0,2.0,-2.0,4.0,3.0,0.0,0.0,5.0,31.0,10.0,2.0,12.0,2.1105783,-1.5707964,2.4524446,1008.0,1061.0,1367.0,246.0,74.0,-36.0
-1.0,0.0,-4.0,-1.0,-1.0,-1.0,-1.0,-2.0,-2.6829376,1.5707964,-2.8324342,-1869.0,-794.0,476.0,2.0,-2.0,4.0,3.0,0.0,0.0,5.0,31.0,10.0,2.0,12.0,2.1105866,-1.5707964,2.452161,1044.0,1057.0,1379.0,220.0,44.0,-41.0
-2.0,-3.0,-4.0,0.0,-1.0,-2.0,0.0,-1.0,-2.6829987,1.5707964,-2.832534,-1859.0,-790.0,492.0,10.0,-1.0,8.0,-5.0,5.0,3.0,-4.0,-2.0,-10.0,-11.0,-11.0,2.1105866,-1.5707964,2.452161,1044.0,1057.0,1379.0,220.0,44.0,-41.0
-3.0,0.0,4.0,0.0,2.0,-2.0,-1.0,-3.0,-2.6829987,1.5707964,-2.832534,-1859.0,-790.0,492.0,10.0,-1.0,8.0,-8.0,-8.0,6.0,11.0,-20.0,43.0,24.0,8.0,2.1110396,-1.5707964,2.451666,1073.0,1090.0,1375.0,203.0,16.0,-53.0
-3.0,0.0,4.0,0.0,2.0,-2.0,-1.0,-3.0,-2.6830745,1.5707964,-2.8326955,-1854.0,-789.0,492.0,17.0,2.0,5.0,-8.0,-8.0,6.0,11.0,-20.0,43.0,24.0,8.0,2.1110396,-1.5707964,2.451666,1073.0,1090.0,1375.0,203.0,16.0,-53.0
2.0,0.0,0.0,0.0,-2.0,-2.0,0.0,-1.0,-2.6830745,1.5707964,-2.8326955,-1854.0,-789.0,492.0,17.0,2.0,5.0,0.0,-3.0,-5.0,3.0,-1.0,-16.0,2.0,5.0,2.1118014,-1.5707964,2.451467,1071.0,1082.0,1380.0,177.0,3.0,-34.0
2.0,0.0,0.0,0.0,-2.0,-2.0,0.0,-1.0,-2.6831503,1.5707964,-2.832857,-1852.0,-782.0,479.0,16.0,0.0,3.0,1.0,-1.0,-2.0,-2.0,-18.0,-13.0,-3.0,-4.0,2.1118014,-1.5707964,2.451467,1071.0,1082.0,1380.0,177.0,3.0,-34.0
0.0,-2.0,1.0,-2.0,-1.0,-1.0,0.0,0.0,-2.6831503,1.5707964,-2.832857,-1852.0,-782.0,479.0,16.0,0.0,3.0,8.0,-7.0,-8.0,13.0,48.0,16.0,6.0,2.0,2.1127415,-1.5707964,2.451666,1057.0,1109.0,1395.0,148.0,-7.0,11.0
0.0,-2.0,1.0,-2.0,-1.0,-1.0,0.0,0.0,-2.6831503,1.5707964,-2.832857,-1860.0,-775.0,477.0,2.0,-3.0,-2.0,8.0,-7.0,-8.0,13.0,48.0,16.0,6.0,2.0,2.1127415,-1.5707964,2.451666,1057.0,1109.0,1395.0,148.0,-7.0,11.0
-1.0,0.0,1.0,3.0,0.0,0.0,-1.0,0.0,-2.6831503,1.5707964,-2.832857,-1860.0,-775.0,477.0,2.0,-3.0,-2.0,-3.0,8.0,6.0,-1.0,-16.0,-3.0,-14.0,-23.0,2.1142073,-1.5707964,2.4520607,1056.0,1097.0,1381.0,124.0,-36.0,32.0
-2.0,1.0,0.0,1.0,2.0,-2.0,0.0,-1.0,-2.6830719,1.5707964,-2.8328977,-1869.0,-785.0,480.0,-25.0,-5.0,-4.0,-2.0,5.0,9.0,12.0,-25.0,-10.0,-6.0,-5.0,2.1142073,-1.5707964,2.4520607,1056.0,1097.0,1381.0,124.0,-36.0,32.0
-3.0,0.0,-3.0,0.0,2.0,-1.0,-3.0,-3.0,-2.6830719,1.5707964,-2.8328977,-1869.0,-785.0,480.0,-25.0,-5.0,-4.0,-2.0,5.0,9.0,12.0,-25.0,-10.0,-6.0,-5.0,2.1163576,-1.5707964,2.4523945,1048.0,1104.0,1384.0,128.0,-83.0,38.0
0.0,0.0,-1.0,-1.0,-1.0,-2.0,-2.0,-4.0,-2.682853,1.5707964,-2.8328311,-1859.0,-804.0,484.0,-36.0,-6.0,1.0,-4.0,-3.0,-4.0,-5.0,0.0,-15.0,-12.0,-11.0,2.1163576,-1.5707964,2.4523945,1048.0,1104.0,1384.0,128.0,-83.0,38.0
0.0,0.0,3.0,-1.0,-4.0,1.0,-2.0,-1.0,-2.682853,1.5707964,-2.8328311,-1859.0,-804.0,484.0,-36.0,-6.0,1.0,-4.0,-3.0,-4.0,-5.0,0.0,-15.0,-12.0,-11.0,2.119278,-1.5707964,2.4532747,1065.0,1100.0,1389.0,143.0,-101.0,77.0
-2.0,-1.0,-2.0,-3.0,-4.0,-2.0,-1.0,1.0,-2.6826372,1.5707964,-2.8325624,-1849.0,-808.0,483.0,-17.0,-2.0,1.0,-1.0,-2.0,2.0,13.0,1.0,-6.0,-1.0,1.0,2.119278,-1.5707964,2.4532747,1065.0,1100.0,1389.0,143.0,-101.0,77.0
-2.0,-1.0,-2.0,-5.0,-1.0,-4.0,0.0,-1.0,-2.6826372,1.5707964,-2.8325624,-1849.0,-808.0,483.0,-17.0,-2.0,1.0,2.0,9.0,2.0,1.0,32.0,-20.0,-11.0,-4.0,2.122631,-1.5707964,2.4547296,1080.0,1115.0,1372.0,121.0,-104.0,132.0
-2.0,-1.0,1.0,0.0,-1.0,-3.0,-2.0,1.0,-2.6826372,1.5707964,-2.8325624,-1860.0,-795.0,473.0,9.0,-3.0,-6.0,-4.0,-5.0,-4.0,-12.0,-16.0,-12.0,-6.0,-8.0,2.122631,-1.5707964,2.4547296,1080.0,1115.0,1372.0,121.0,-104.0,132.0
-1.0,-2.0,0.0,2.0,0.0,0.0,-1.0,1.0,-2.6826372,1.5707964,-2.8325624,-1860.0,-795.0,473.0,9.0,-3.0,-6.0,-4.0,-5.0,-4.0,-12.0,-16.0,-12.0,-6.0,-8.0,2.1262033,-1.5707964,2.4561505,1071.0,1110.0,1368.0,78.0,-131.0,132.0
0.0,3.0,-2.0,0.0,1.0,-1.0,-1.0,-1.0,-2.6826372,1.5707964,-2.8325624,-1863.0,-795.0,471.0,11.0,-1.0,-2.0,-5.0,-6.0,-1.0,-6.0,7.0,-6.0,-6.0,-2.0,2.1262033,-1.5707964,2.4561505,1071.0,1110.0,1368.0,78.0,-131.0,132.0
-4.0,-1.0,-2.0,0.0,-1.0,1.0,-2.0,1.0,-2.6826372,1.5707964,-2.8325624,-1863.0,-795.0,471.0,11.0,-1.0,-2.0,-5.0,-6.0,-1.0,-6.0,7.0,-6.0,-6.0,-2.0,2.1307542,-1.5707964,2.4577494,1111.0,1123.0,1363.0,31.0,-180.0,151.0
-2.0,-2.0,1.0,0.0,0.0,-1.0,-3.0,-3.0,-2.6826372,1.5707964,-2.8325624,-1860.0,-789.0,475.0,8.0,1.0,-1.0,-2.0,-3.0,-4.0,-4.0,-7.0,9.0,2.0,1.0,2.1307542,-1.5707964,2.4577494,1111.0,1123.0,1363.0,31.0,-180.0,151.0
0.0,-1.0,-2.0,0.0,-1.0,0.0,-1.0,-2.0,-2.6826372,1.5707964,-2.8325624,-1860.0,-789.0,475.0,8.0,1.0,-1.0,2.0,-1.0,-2.0,-4.0,-12.0,5.0,2.0,3.0,2.1364481,-1.5707964,2.4602401,1186.0,1098.0,1367.0,-20.0,-194.0,205.0
-1.0,-1.0,-2.0,0.0,2.0,2.0,-3.0,3.0,-2.6826372,1.5707964,-2.8325624,-1861.0,-783.0,477.0,5.0,-2.0,-4.0,0.0,4.0,5.0,0.0,-13.0,-2.0,1.0,2.0,2.1364481,-1.5707964,2.4602401,1186.0,1098.0,1367.0,-20.0,-194.0,205.0
0.0,-2.0,1.0,-2.0,0.0,0.0,2.0,-2.0,-2.6826372,1.5707964,-2.8325624,-1861.0,-783.0,477.0,5.0,-2.0,-4.0,0.0,4.0,5.0,0.0,-13.0,-2.0,1.0,2.0,2.1420329,-1.5707964,2.4629092,1166.0,1090.0,1350.0,-51.0,-197.0,225.0
1.0,-2.0,-2.0,0.0,-2.0,-2.0,0.0,1.0,-2.6826372,1.5707964,-2.8325624,-1861.0,-783.0,477.0,5.0,-2.0,-4.0,1.0,-7.0,-7.0,-4.0,0.0,-15.0,-4.0,2.0,2.147977,-1.5707964,2.4654863,1119.0,1085.0,1347.0,-90.0,-241.0,240.0
1.0,-2.0,-2.0,0.0,-2.0,-2.0,0.0,1.0,-2.6826372,1.5707964,-2.8325624,-1860.0,-786.0,488.0,-11.0,0.0,-5.0,1.0,-7.0,-7.0,-4.0,0.0,-15.0,-4.0,2.0,2.147977,-1.5707964,2.4654863,1119.0,1085.0,1347.0,-90.0,-241.0,240.0
-1.0,-4.0,0.0,-3.0,-3.0,1.0,1.0,-2.0,-2.682562,1.5707964,-2.8324013,-1858.0,-794.0,480.0,-19.0,2.0,-5.0,1.0,-7.0,-7.0,-4.0,0.0,-15.0,-4.0,2.0,2.147977,-1.5707964,2.4654863,1119.0,1085.0,1347.0,-90.0,-241.0,240.0
-2.0,-1.0,1.0,-1.0,1.0,-3.0,0.0,-2.0,-2.682562,1.5707964,-2.8324013,-1858.0,-794.0,480.0,-19.0,2.0,-5.0,-1.0,-1.0,-7.0,-4.0,5.0,-1.0,1.0,5.0,2.1552656,-1.5707964,2.4684367,1138.0,1065.0,1338.0,-133.0,-302.0,266.0
-2.0,-1.0,1.0,-1.0,1.0,-3.0,0.0,-2.0,-2.6824932,1.5707964,-2.8322463,-1856.0,-804.0,477.0,-11.0,1.0,-5.0,-1.0,-1.0,-7.0,-4.0,5.0,-1.0,1.0,5.0,2.1552656,-1.5707964,2.4684367,1138.0,1065.0,1338.0,-133.0,-302.0,266.0
0.0,3.0,-1.0,-1.0,-1.0,1.0,1.0,0.0,-2.6824932,1.5707964,-2.8322463,-1856.0,-804.0,477.0,-11.0,1.0,-5.0,-6.0,-6.0,-7.0,-1.0,0.0,3.0,-3.0,-8.0,2.1636286,-1.5707964,2.4717956,1169.0,1028.0,1323.0,-140.0,-324.0,286.0
0.0,3.0,-1.0,-1.0,-1.0,1.0,1.0,0.0,-2.6824932,1.5707964,-2.8322463,-1850.0,-789.0,484.0,2.0,1.0,-6.0,-6.0,-6.0,-7.0,-1.0,0.0,3.0,-3.0,-8.0,2.1636286,-1.5707964,2.4717956,1169.0,1028.0,1323.0,-140.0,-324.0,286.0
-3.0,-3.0,-1.0,-2.0,-1.0,-2.0,-1.0,0.0,-2.6824932,1.5707964,-2.8322463,-1853.0,-788.0,484.0,-1.0,2.0,-7.0,-2.0,-2.0,-1.0,-4.0,0.0,-10.0,-6.0,0.0,2.1636286,-1.5707964,2.4717956,1169.0,1028.0,1323.0,-140.0,-324.0,286.0
-2.0,2.0,-1.0,-2.0,-2.0,-1.0,-2.0,-1.0,-2.6824932,1.5707964,-2.8322463,-1853.0,-788.0,484.0,-1.0,2.0,-7.0,-2.0,-2.0,-1.0,-4.0,0.0,-10.0,-6.0,0.0,2.1718166,-1.5707964,2.4751363,1154.0,1019.0,1306.0,-135.0,-321.0,290.0
0.0,1.0,2.0,0.0,-2.0,-3.0,0.0,-2.0,-2.6824932,1.5707964,-2.8322463,-1853.0,-788.0,484.0,-1.0,2.0,-7.0,1.0,-7.0,-3.0,-13.0,-21.0,-5.0,-6.0,-1.0,2.1801658,-1.5707964,2.478334,1139.0,1023.0,1302.0,-151.0,-335.0,282.0
0.0,1.0,2.0,0.0,-2.0,-3.0,0.0,-2.0,-2.6824138,1.5707964,-2.832239,-1850.0,-792.0,487.0,-7.0,2.0,-9.0,1.0,-7.0,-3.0,-13.0,-21.0,-5.0,-6.0,-1.0,2.1801658,-1.5707964,2.478334,1139.0,1023.0,1302.0,-151.0,-335.0,282.0
-1.0,0.0,0.0,-1.0,-1.0,-1.0,-2.0,-1.0,-2.6824138,1.5707964,-2.832239,-1850.0,-792.0,487.0,-7.0,2.0,-9.0,-2.0,-2.0,-3.0,-5.0,-7.0,-16.0,-9.0,-5.0,2.1884785,-1.5707964,2.4813712,1145.0,1024.0,1308.0,-177.0,-342.0,274.0
-1.0,0.0,0.0,-1.0,-1.0,-1.0,-2.0,-1.0,-2.6824138,1.5707964,-2.832239,-1862.0,-790.0,483.0,-11.0,2.0,-8.0,2.0,2.0,8.0,24.0,21.0,2.0,-2.0,3.0,2.1884785,-1.5707964,2.4813712,1145.0,1024.0,1308.0,-177.0,-342.0,274.0
0.0,-2.0,0.0,1.0,0.0,-1.0,-1.0,-1.0,-2.6824138,1.5707964,-2.832239,-1862.0,-790.0,483.0,-11.0,2.0,-8.0,2.0,2.0,8.0,24.0,21.0,2.0,-2.0,3.0,2.1971037,-1.5707964,2.484569,1165.0,1001.0,1279.0,-199.0,-330.0,276.0
0.0,-2.0,0.0,0.0,-1.0,0.0,0.0,1.0,-2.6824138,1.5707964,-2.832239,-1869.0,-786.0,489.0,-9.0,2.0,-9.0,15.0,4.0,1.0,13.0,2.0,18.0,29.0,31.0,2.1971037,-1.5707964,2.484569,1165.0,1001.0,1279.0,-199.0,-330.0,276.0
-2.0,-2.0,-1.0,-3.0,-1.0,-2.0,-1.0,2.0,-2.6824138,1.5707964,-2.832239,-1869.0,-786.0,489.0,-9.0,2.0,-9.0,-1.0,3.0,1.0,0.0,-13.0,12.0,9.0,7.0,2.2059522,-1.5707964,2.4879808,1185.0,978.0,1263.0,-201.0,-318.0,276.0
1.0,0.0,-2.0,0.0,-1.0,1.0,-2.0,-1.0,-2.682375,1.5707964,-2.8322554,-1862.0,-788.0,489.0,-7.0,1.0,-4.0,1.0,-1.0,8.0,1.0,-37.0,30.0,23.0,5.0,2.2059522,-1.5707964,2.4879808,1185.0,978.0,1263.0,-201.0,-318.0,276.0
-3.0,0.0,-1.0,0.0,0.0,-1.0,-2.0,0.0,-2.682375,1.5707964,-2.8322554,-1862.0,-788.0,489.0,-7.0,1.0,-4.0,1.0,-1.0,8.0,1.0,-37.0,30.0,23.0,5.0,2.215235,-1.5707964,2.4915583,1210.0,965.0,1276.0,-211.0,-325.0,290.0
-2.0,1.0,1.0,0.0,-1.0,-3.0,-2.0,1.0,-2.682375,1.5707964,-2.8322554,-1849.0,-796.0,480.0,-1.0,2.0,3.0,-6.0,-6.0,2.0,5.0,3.0,-10.0,-11.0,-15.0,2.215235,-1.5707964,2.4915583,1210.0,965.0,1276.0,-211.0,-325.0,290.0
-2.0,-1.0,0.0,0.0,0.0,2.0,0.0,1.0,-2.682375,1.5707964,-2.8322554,-1849.0,-796.0,480.0,-1.0,2.0,3.0,-6.0,-6.0,2.0,5.0,3.0,-10.0,-11.0,-15.0,2.2251642,-1.5707964,2.4955006,1264.0,967.0,1255.0,-214.0,-317.0,301.0
2.0,-2.0,0.0,0.0,0.0,1.0,3.0,-1.0,-2.682375,1.5707964,-2.8322554,-1857.0,-797.0,476.0,11.0,2.0,2.0,0.0,4.0,5.0,-1.0,2.0,5.0,1.0,-9.0,2.2251642,-1.5707964,2.4955006,1264.0,967.0,1255.0,-214.0,-317.0,301.0
-1.0,-3.0,1.0,0.0,0.0,-2.0,-1.0,-1.0,-2.682375,1.5707964,-2.8322554,-1857.0,-797.0,476.0,11.0,2.0,2.0,4.0,-3.0,-7.0,-13.0,4.0,2.0,15.0,12.0,2.2355313,-1.5707964,2.4996972,1289.0,949.0,1236.0,-201.0,-297.0,307.0
-1.0,-3.0,-1.0,1.0,0.0,-1.0,0.0,0.0,-2.6824138,1.5707964,-2.832239,-1861.0,-785.0,472.0,15.0,1.0,5.0,1.0,7.0,4.0,4.0,13.0,1.0,-2.0,-2.0,2.2355313,-1.5707964,2.4996972,1289.0,949.0,1236.0,-201.0,-297.0,307.0
-2.0,1.0,1.0,-2.0,0.0,-2.0,0.0,0.0,-2.6824138,1.5707964,-2.832239,-1861.0,-785.0,472.0,15.0,1.0,5.0,1.0,7.0,4.0,4.0,13.0,1.0,-2.0,-2.0,2.245558,-1.5707964,2.5038347,1258.0,937.0,1220.0,-200.0,-289.0,318.0
-4.0,-1.0,-1.0,-1.0,-2.0,-1.0,0.0,-3.0,-2.6824932,1.5707964,-2.8322463,-1871.0,-774.0,461.0,3.0,-2.0,4.0,0.0,-3.0,-2.0,14.0,49.0,10.0,-17.0,2.0,2.245558,-1.5707964,2.5038347,1258.0,937.0,1220.0,-200.0,-289.0,318.0
-1.0,-2.0,-1.0,0.0,2.0,-1.0,1.0,-1.0,-2.6824932,1.5707964,-2.8322463,-1871.0,-774.0,461.0,3.0,-2.0,4.0,0.0,-3.0,-2.0,14.0,49.0,10.0,-17.0,2.0,2.2560308,-1.5707964,2.50826,1245.0,905.0,1218.0,-198.0,-293.0,329.0
0.0,0.0,0.0,0.0,-2.0,0.0,-3.0,1.0,-2.6824985,1.5707964,-2.8325036,-1852.0,-786.0,482.0,-19.0,-4.0,4.0,-3.0,-3.0,-1.0,6.0,6.0,-5.0,-2.0,-1.0,2.2560308,-1.5707964,2.50826,1245.0,905.0,1218.0,-198.0,-293.0,329.0
-2.0,-1.0,0.0,-2.0,-2.0,2.0,-1.0,-1.0,-2.6824985,1.5707964,-2.8325036,-1852.0,-786.0,482.0,-19.0,-4.0,4.0,-10.0,-7.0,-6.0,-11.0,-13.0,-24.0,-15.0,-13.0,2.2669454,-1.5707964,2.5129323,1267.0,876.0,1220.0,-180.0,-288.0,337.0
0.0,2.0,0.0,-1.0,0.0,3.0,3.0,2.0,-2.6822727,1.5707964,-2.8323827,-1849.0,-807.0,497.0,-29.0,1.0,4.0,1.0,3.0,0.0,-4.0,-21.0,7.0,6.0,-1.0,2.2669454,-1.5707964,2.5129323,1267.0,876.0,1220.0,-180.0,-288.0,337.0
0.0,2.0,0.0,-1.0,0.0,3.0,3.0,2.0,-2.6822727,1.5707964,-2.8323827,-1849.0,-807.0,497.0,-29.0,1.0,4.0,1.0,3.0,0.0,-4.0,-21.0,7.0,6.0,-1.0,2.2776806,-1.5707964,2.51758,1279.0,868.0,1207.0,-172.0,-273.0,332.0
-1.0,-2.0,-1.0,0.0,1.0,-1.0,0.0,-4.0,-2.6822119,1.5707964,-2.8322828,-1855.0,-815.0,487.0,-6.0,2.0,4.0,-1.0,3.0,1.0,-3.0,-16.0,-4.0,-1.0,-2.0,2.2776806,-1.5707964,2.51758,1279.0,868.0,1207.0,-172.0,-273.0,332.0
-1.0,0.0,2.0,-2.0,-1.0,-1.0,-2.0,2.0,-2.6822119,1.5707964,-2.8322828,-1855.0,-815.0,487.0,-6.0,2.0,4.0,-3.0,-3.0,4.0,5.0,13.0,8.0,5.0,1.0,2.2877092,-1.5707964,2.5218246,1278.0,862.0,1185.0,-154.0,-250.0,302.0
-1.0,0.0,2.0,-2.0,-1.0,-1.0,-2.0,2.0,-2.6822178,1.5707964,-2.8322892,-1860.0,-802.0,484.0,17.0,3.0,4.0,-3.0,-3.0,4.0,5.0,13.0,8.0,5.0,1.0,2.2877092,-1.5707964,2.5218246,1278.0,862.0,1185.0,-154.0,-250.0,302.0
-1.0,0.0,-1.0,-2.0,1.0,0.0,-4.0,0.0,-2.6823034,1.5707964,-2.832303,-1860.0,-777.0,485.0,20.0,2.0,-3.0,-3.0,-2.0,-1.0,-2.0,-12.0,-5.0,2.0,5.0,2.2877092,-1.5707964,2.5218246,1278.0,862.0,1185.0,-154.0,-250.0,302.0
1.0,0.0,1.0,-1.0,-4.0,-1.0,-1.0,0.0,-2.6823034,1.5707964,-2.832303,-1860.0,-777.0,485.0,20.0,2.0,-3.0,-3.0,-2.0,-1.0,-2.0,-12.0,-5.0,2.0,5.0,2.2972631,-1.5707964,2.5260134,1258.0,832.0,1198.0,-132.0,-234.0,296.0
0.0,0.0,0.0,-1.0,-2.0,1.0,0.0,1.0,-2.6823034,1.5707964,-2.832303,-1860.0,-777.0,485.0,20.0,2.0,-3.0,3.0,0.0,-5.0,-11.0,-7.0,-8.0,-5.0,-6.0,2.3064384,-1.5707964,2.5301547,1264.0,818.0,1197.0,-134.0,-213.0,293.0
0.0,0.0,0.0,-1.0,-2.0,1.0,0.0,1.0,-2.6823642,1.5707964,-2.832403,-1862.0,-787.0,484.0,-5.0,1.0,-7.0,3.0,0.0,-5.0,-11.0,-7.0,-8.0,-5.0,-6.0,2.3064384,-1.5707964,2.5301547,1264.0,818.0,1197.0,-134.0,-213.0,293.0
0.0,-1.0,-2.0,2.0,1.0,2.0,-2.0,-2.0,-2.6823642,1.5707964,-2.832403,-1862.0,-787.0,484.0,-5.0,1.0,-7.0,4.0,-1.0,7.0,15.0,9.0,8.0,1.0,3.0,2.314286,-1.5707964,2.533705,1266.0,816.0,1180.0,-93.0,-177.0,255.0
0.0,-1.0,-2.0,2.0,1.0,2.0,-2.0,-2.0,-2.6820776,1.5707964,-2.832182,-1856.0,-790.0,482.0,-26.0,-3.0,-9.0,4.0,-1.0,7.0,15.0,9.0,8.0,1.0,3.0,2.314286,-1.5707964,2.533705,1266.0,816.0,1180.0,-93.0,-177.0,255.0
